UTC,Open,High,Low,Close,Volume
11.01.2021 00:00:00.000 UTC,52.273,52.343,52.177,52.183,0.832755
11.01.2021 01:00:00.000 UTC,52.177,52.363,51.937,52.073,2.396365
11.01.2021 02:00:00.000 UTC,52.063,52.133,51.902,52.108,2.212838
11.01.2021 03:00:00.000 UTC,52.102,52.113,51.657,51.743,1.637872
11.01.2021 04:00:00.000 UTC,51.737,51.828,51.717,51.763,0.805039
11.01.2021 05:00:00.000 UTC,51.758,51.933,51.747,51.813,1.21821
11.01.2021 06:00:00.000 UTC,51.803,51.843,51.587,51.608,1.906885
11.01.2021 07:00:00.000 UTC,51.603,51.808,51.527,51.713,1.544924
11.01.2021 08:00:00.000 UTC,51.707,52.017,51.707,51.943,3.529373
11.01.2021 09:00:00.000 UTC,51.937,52.113,51.637,51.643,2.47123
11.01.2021 10:00:00.000 UTC,51.623,51.873,51.587,51.793,1.939714
11.01.2021 11:00:00.000 UTC,51.783,51.903,51.717,51.843,1.484893
11.01.2021 12:00:00.000 UTC,51.837,51.983,51.837,51.863,1.607361
11.01.2021 13:00:00.000 UTC,51.867,51.873,51.617,51.653,2.54511
11.01.2021 14:00:00.000 UTC,51.652,51.843,51.477,51.763,5.071106
11.01.2021 15:00:00.000 UTC,51.758,52.097,51.657,52.053,3.539122
11.01.2021 16:00:00.000 UTC,52.047,52.153,51.933,52.083,3.111611
11.01.2021 17:00:00.000 UTC,52.077,52.383,51.937,52.223,2.331791
11.01.2021 18:00:00.000 UTC,52.227,52.353,51.993,52.107,2.185024
11.01.2021 19:00:00.000 UTC,52.123,52.353,52.007,52.063,3.411027
11.01.2021 20:00:00.000 UTC,52.057,52.093,51.947,52.083,1.150337
11.01.2021 21:00:00.000 UTC,52.078,52.213,52.047,52.147,0.64122
11.01.2021 23:00:00.000 UTC,52.158,52.183,52.047,52.093,0.695237
12.01.2021 00:00:00.000 UTC,52.077,52.293,52.047,52.223,0.893564
12.01.2021 01:00:00.000 UTC,52.233,52.323,52.117,52.192,2.010427
12.01.2021 02:00:00.000 UTC,52.197,52.273,52.177,52.193,0.87768
12.01.2021 03:00:00.000 UTC,52.187,52.233,52.157,52.223,0.372536
12.01.2021 04:00:00.000 UTC,52.218,52.218,52.117,52.153,0.568531
12.01.2021 05:00:00.000 UTC,52.148,52.473,52.107,52.378,1.191204
12.01.2021 06:00:00.000 UTC,52.373,52.513,52.317,52.473,1.239522
12.01.2021 07:00:00.000 UTC,52.468,52.743,52.437,52.633,1.614931
12.01.2021 08:00:00.000 UTC,52.623,52.723,52.487,52.623,2.798782
12.01.2021 09:00:00.000 UTC,52.613,53.143,52.557,53.113,3.721167
12.01.2021 10:00:00.000 UTC,53.107,53.223,52.853,52.963,2.372309
12.01.2021 11:00:00.000 UTC,52.953,53.117,52.827,52.893,2.064065
12.01.2021 12:00:00.000 UTC,52.887,53.173,52.847,52.893,2.311316
12.01.2021 13:00:00.000 UTC,52.883,52.987,52.717,52.733,2.519485
12.01.2021 14:00:00.000 UTC,52.727,52.863,52.497,52.593,3.931619
12.01.2021 15:00:00.000 UTC,52.597,53.053,52.557,53.003,3.55101
12.01.2021 16:00:00.000 UTC,53.007,53.143,52.907,53.033,3.002849
12.01.2021 17:00:00.000 UTC,53.027,53.063,52.807,52.953,2.714128
12.01.2021 18:00:00.000 UTC,52.947,53.083,52.817,53.043,1.988188
12.01.2021 19:00:00.000 UTC,53.037,53.243,52.962,53.133,2.850172
12.01.2021 20:00:00.000 UTC,53.127,53.163,53.087,53.092,0.65525
12.01.2021 21:00:00.000 UTC,53.097,53.398,53.097,53.252,0.894318
12.01.2021 23:00:00.000 UTC,53.288,53.363,53.252,53.353,0.671419
13.01.2021 00:00:00.000 UTC,53.347,53.523,53.327,53.423,0.781578
13.01.2021 01:00:00.000 UTC,53.417,53.743,53.407,53.608,1.747514
13.01.2021 02:00:00.000 UTC,53.603,53.743,53.597,53.693,1.163729
13.01.2021 03:00:00.000 UTC,53.697,53.883,53.647,53.862,1.150399
13.01.2021 04:00:00.000 UTC,53.857,53.903,53.787,53.793,0.635418
13.01.2021 05:00:00.000 UTC,53.787,53.813,53.687,53.773,0.78106
13.01.2021 06:00:00.000 UTC,53.768,53.813,53.613,53.743,0.869492
13.01.2021 07:00:00.000 UTC,53.748,53.783,53.443,53.553,1.509197
13.01.2021 08:00:00.000 UTC,53.547,53.683,53.307,53.423,2.604518
13.01.2021 09:00:00.000 UTC,53.417,53.577,53.297,53.373,2.324555
13.01.2021 10:00:00.000 UTC,53.363,53.433,53.187,53.363,1.811702
13.01.2021 11:00:00.000 UTC,53.353,53.433,53.247,53.363,1.467782
13.01.2021 12:00:00.000 UTC,53.357,53.443,53.327,53.343,1.383858
13.01.2021 13:00:00.000 UTC,53.337,53.623,53.327,53.543,2.023674
13.01.2021 14:00:00.000 UTC,53.537,53.593,52.557,52.753,5.834036
13.01.2021 15:00:00.000 UTC,52.748,53.373,52.727,53.283,5.102651
13.01.2021 16:00:00.000 UTC,53.277,53.333,52.967,53.023,3.976033
13.01.2021 17:00:00.000 UTC,53.017,53.043,52.717,52.833,2.619367
13.01.2021 18:00:00.000 UTC,52.827,53.033,52.817,52.972,1.945504
13.01.2021 19:00:00.000 UTC,52.973,53.093,52.843,52.933,2.848186
13.01.2021 20:00:00.000 UTC,52.923,52.973,52.817,52.843,0.870283
13.01.2021 21:00:00.000 UTC,52.837,52.893,52.827,52.837,0.356737
13.01.2021 23:00:00.000 UTC,52.818,52.883,52.687,52.723,0.483038
14.01.2021 00:00:00.000 UTC,52.718,52.853,52.697,52.773,0.727258
14.01.2021 01:00:00.000 UTC,52.767,52.923,52.737,52.803,1.170677
14.01.2021 02:00:00.000 UTC,52.797,52.843,52.737,52.763,0.833107
14.01.2021 03:00:00.000 UTC,52.753,52.853,52.717,52.763,1.004126
14.01.2021 04:00:00.000 UTC,52.757,52.853,52.752,52.853,0.389562
14.01.2021 05:00:00.000 UTC,52.843,52.943,52.767,52.823,0.93607
14.01.2021 06:00:00.000 UTC,52.807,52.933,52.757,52.873,0.892666
14.01.2021 07:00:00.000 UTC,52.868,53.173,52.832,53.127,1.222578
14.01.2021 08:00:00.000 UTC,53.133,53.263,52.963,52.963,2.533954
14.01.2021 09:00:00.000 UTC,52.957,52.963,52.477,52.883,2.639035
14.01.2021 10:00:00.000 UTC,52.867,53.023,52.747,53.013,1.898702
14.01.2021 11:00:00.000 UTC,53.007,53.023,52.653,52.742,1.825448
14.01.2021 12:00:00.000 UTC,52.757,52.803,52.557,52.663,1.859857
14.01.2021 13:00:00.000 UTC,52.667,52.683,52.217,52.283,2.969754
14.01.2021 14:00:00.000 UTC,52.273,52.873,52.257,52.853,2.784907
14.01.2021 15:00:00.000 UTC,52.843,53.014,52.524,52.588,0.582468
14.01.2021 16:00:00.000 UTC,52.593,52.933,52.584,52.893,0.441506
14.01.2021 17:00:00.000 UTC,52.903,53.253,52.823,53.243,0.383585
14.01.2021 18:00:00.000 UTC,53.223,53.463,53.203,53.263,0.37265
14.01.2021 19:00:00.000 UTC,53.273,53.703,53.263,53.573,0.477152
14.01.2021 20:00:00.000 UTC,53.583,53.663,53.553,53.623,0.118606
14.01.2021 21:00:00.000 UTC,53.628,53.723,53.573,53.684,0.045608
14.01.2021 23:00:00.000 UTC,53.723,53.803,53.663,53.763,0.045199
15.01.2021 00:00:00.000 UTC,53.773,53.803,53.583,53.643,0.077372
15.01.2021 01:00:00.000 UTC,53.648,53.723,53.563,53.653,0.137586
15.01.2021 02:00:00.000 UTC,53.658,53.683,53.483,53.518,0.128165
15.01.2021 03:00:00.000 UTC,53.523,53.613,53.498,53.523,0.085627
15.01.2021 04:00:00.000 UTC,53.528,53.533,53.433,53.478,0.09877
15.01.2021 05:00:00.000 UTC,53.473,53.483,52.983,53.093,0.197275
15.01.2021 06:00:00.000 UTC,53.088,53.243,52.933,53.068,0.204518
15.01.2021 07:00:00.000 UTC,53.073,53.113,52.983,53.083,0.172266
15.01.2021 08:00:00.000 UTC,53.078,53.158,52.843,52.853,0.29034
15.01.2021 09:00:00.000 UTC,52.863,53.093,52.733,52.798,0.277991
15.01.2021 10:00:00.000 UTC,52.803,52.898,52.658,52.733,0.287683
15.01.2021 11:00:00.000 UTC,52.728,52.843,52.683,52.833,0.229098
15.01.2021 12:00:00.000 UTC,52.824,53.053,52.733,52.973,0.363745
15.01.2021 13:00:00.000 UTC,52.978,53.093,52.738,52.833,0.367994
15.01.2021 14:00:00.000 UTC,52.853,52.923,52.643,52.893,0.537879
15.01.2021 15:00:00.000 UTC,52.883,52.903,51.884,52.084,1.710941
15.01.2021 16:00:00.000 UTC,52.084,52.458,51.804,52.374,2.028484
15.01.2021 17:00:00.000 UTC,52.373,52.418,52.014,52.254,1.287284
15.01.2021 18:00:00.000 UTC,52.274,52.338,52.184,52.254,1.281816
15.01.2021 19:00:00.000 UTC,52.264,52.368,52.174,52.328,1.520752
15.01.2021 20:00:00.000 UTC,52.314,52.328,52.038,52.163,0.436852
15.01.2021 21:00:00.000 UTC,52.168,52.173,52.078,52.093,0.072971
17.01.2021 23:00:00.000 UTC,51.998,52.353,51.998,52.183,0.095175
18.01.2021 00:00:00.000 UTC,52.188,52.263,52.083,52.253,0.107116
18.01.2021 01:00:00.000 UTC,52.263,52.283,51.803,51.933,0.17877
18.01.2021 02:00:00.000 UTC,51.928,52.083,51.903,52.033,0.105748
18.01.2021 03:00:00.000 UTC,52.023,52.043,51.933,51.963,0.0705
18.01.2021 04:00:00.000 UTC,51.968,52.033,51.913,52.033,0.045475
18.01.2021 05:00:00.000 UTC,52.023,52.123,51.913,52.093,0.077999
18.01.2021 06:00:00.000 UTC,52.103,52.313,52.043,52.268,0.120274
18.01.2021 07:00:00.000 UTC,52.263,52.268,52.133,52.173,0.197875
18.01.2021 08:00:00.000 UTC,52.163,52.253,51.933,52.243,0.670876
18.01.2021 09:00:00.000 UTC,52.238,52.508,52.213,52.323,0.632519
18.01.2021 10:00:00.000 UTC,52.318,52.448,52.213,52.363,0.432153
18.01.2021 11:00:00.000 UTC,52.367,52.583,52.183,52.253,0.414421
18.01.2021 12:00:00.000 UTC,52.258,52.363,52.133,52.223,0.329167
18.01.2021 13:00:00.000 UTC,52.213,52.393,52.173,52.347,0.480368
18.01.2021 14:00:00.000 UTC,52.353,52.473,52.233,52.463,0.488879
18.01.2021 15:00:00.000 UTC,52.463,52.463,52.273,52.313,0.403959
18.01.2021 16:00:00.000 UTC,52.317,52.403,52.233,52.323,0.344602
18.01.2021 17:00:00.000 UTC,52.328,52.333,52.043,52.118,0.26439
18.01.2021 23:00:00.000 UTC,52.143,52.383,52.143,52.333,0.086718
19.01.2021 00:00:00.000 UTC,52.337,52.403,52.313,52.383,0.081565
19.01.2021 01:00:00.000 UTC,52.373,52.463,52.263,52.343,0.285581
19.01.2021 02:00:00.000 UTC,52.353,52.383,52.263,52.323,0.152049
19.01.2021 03:00:00.000 UTC,52.313,52.413,52.283,52.293,0.15868
19.01.2021 04:00:00.000 UTC,52.283,52.348,52.273,52.313,0.053786
19.01.2021 05:00:00.000 UTC,52.318,52.373,52.193,52.213,0.122754
19.01.2021 06:00:00.000 UTC,52.223,52.363,52.203,52.348,0.194121
19.01.2021 07:00:00.000 UTC,52.353,52.607,52.338,52.488,0.394302
19.01.2021 08:00:00.000 UTC,52.483,52.683,52.473,52.563,0.795705
19.01.2021 09:00:00.000 UTC,52.553,52.633,52.347,52.583,0.603033
19.01.2021 10:00:00.000 UTC,52.587,52.623,52.433,52.583,0.438185
19.01.2021 11:00:00.000 UTC,52.573,52.813,52.563,52.698,0.49768
19.01.2021 12:00:00.000 UTC,52.703,52.713,52.503,52.503,0.447009
19.01.2021 13:00:00.000 UTC,52.507,52.633,52.363,52.393,0.623447
19.01.2021 14:00:00.000 UTC,52.398,53.023,52.398,52.673,1.777616
19.01.2021 15:00:00.000 UTC,52.683,53.113,52.583,52.993,1.280719
19.01.2021 16:00:00.000 UTC,52.997,53.157,52.923,53.003,1.112191
19.01.2021 17:00:00.000 UTC,52.998,53.023,52.833,52.973,0.563186
19.01.2021 18:00:00.000 UTC,52.977,53.003,52.833,52.963,0.436207
19.01.2021 19:00:00.000 UTC,52.967,53.013,52.853,52.923,0.675163
19.01.2021 20:00:00.000 UTC,52.927,52.993,52.893,52.963,0.130705
19.01.2021 21:00:00.000 UTC,52.973,53.073,52.963,52.977,0.077717
19.01.2021 23:00:00.000 UTC,53.053,53.193,53.033,53.173,0.075302
20.01.2021 00:00:00.000 UTC,53.168,53.173,53.073,53.173,0.063907
20.01.2021 01:00:00.000 UTC,53.168,53.283,53.113,53.273,0.226971
20.01.2021 02:00:00.000 UTC,53.278,53.413,53.223,53.403,0.1508
20.01.2021 03:00:00.000 UTC,53.408,53.433,53.323,53.373,0.127079
20.01.2021 04:00:00.000 UTC,53.363,53.383,53.293,53.347,0.076945
20.01.2021 05:00:00.000 UTC,53.343,53.373,53.253,53.293,0.138212
20.01.2021 06:00:00.000 UTC,53.303,53.463,53.263,53.423,0.087731
20.01.2021 07:00:00.000 UTC,53.413,53.463,53.313,53.393,0.224192
20.01.2021 08:00:00.000 UTC,53.387,53.653,53.263,53.393,0.70543
20.01.2021 09:00:00.000 UTC,53.403,53.553,53.363,53.493,0.610257
20.01.2021 10:00:00.000 UTC,53.483,53.673,53.413,53.633,0.414536
20.01.2021 11:00:00.000 UTC,53.623,53.693,53.483,53.583,0.513969
20.01.2021 12:00:00.000 UTC,53.593,53.703,53.363,53.403,0.445399
20.01.2021 13:00:00.000 UTC,53.393,53.598,53.323,53.533,0.678961
20.01.2021 14:00:00.000 UTC,53.528,53.793,53.343,53.443,1.31008
20.01.2021 15:00:00.000 UTC,53.437,53.593,53.223,53.333,1.32263
20.01.2021 16:00:00.000 UTC,53.323,53.513,53.313,53.353,0.902274
20.01.2021 17:00:00.000 UTC,53.363,53.483,53.143,53.313,0.698357
20.01.2021 18:00:00.000 UTC,53.323,53.583,53.273,53.288,0.583792
20.01.2021 19:00:00.000 UTC,53.273,53.343,53.063,53.123,0.819504
20.01.2021 20:00:00.000 UTC,53.127,53.153,52.923,53.113,0.267572
20.01.2021 21:00:00.000 UTC,53.117,53.263,52.813,52.927,0.246692
20.01.2021 23:00:00.000 UTC,52.913,53.063,52.873,52.943,0.086646
21.01.2021 00:00:00.000 UTC,52.933,53.053,52.903,53.033,0.088452
21.01.2021 01:00:00.000 UTC,53.043,53.143,52.988,53.003,0.20326
21.01.2021 02:00:00.000 UTC,52.993,53.073,52.953,53.063,0.13673
21.01.2021 03:00:00.000 UTC,53.073,53.113,53.043,53.073,0.093074
21.01.2021 04:00:00.000 UTC,53.077,53.123,53.043,53.043,0.052888
21.01.2021 05:00:00.000 UTC,53.047,53.143,53.043,53.123,0.100427
21.01.2021 06:00:00.000 UTC,53.113,53.213,53.103,53.193,0.14637
21.01.2021 07:00:00.000 UTC,53.183,53.193,53.023,53.093,0.21914
21.01.2021 08:00:00.000 UTC,53.083,53.143,52.803,52.873,0.764544
21.01.2021 09:00:00.000 UTC,52.863,52.933,52.753,52.863,0.470683
21.01.2021 10:00:00.000 UTC,52.867,53.013,52.723,52.963,0.546945
21.01.2021 11:00:00.000 UTC,52.968,53.003,52.853,52.943,0.373658
21.01.2021 12:00:00.000 UTC,52.963,53.103,52.923,52.993,0.405049
21.01.2021 13:00:00.000 UTC,52.983,53.143,52.883,52.893,0.589705
21.01.2021 14:00:00.000 UTC,52.897,53.293,52.763,52.843,1.495315
21.01.2021 15:00:00.000 UTC,52.837,53.203,52.753,53.173,1.053902
21.01.2021 16:00:00.000 UTC,53.163,53.383,52.913,53.003,1.098027
21.01.2021 17:00:00.000 UTC,52.993,53.193,52.893,53.143,0.512536
21.01.2021 18:00:00.000 UTC,53.133,53.193,52.983,53.133,0.494224
21.01.2021 19:00:00.000 UTC,53.133,53.193,53.063,53.063,0.640793
21.01.2021 20:00:00.000 UTC,53.053,53.083,52.973,52.983,0.170093
21.01.2021 21:00:00.000 UTC,52.973,53.043,52.953,52.997,0.110488
21.01.2021 23:00:00.000 UTC,53.103,53.133,52.983,53.003,0.100056
22.01.2021 00:00:00.000 UTC,52.993,53.023,52.923,52.923,0.060812
22.01.2021 01:00:00.000 UTC,52.933,52.983,52.543,52.643,0.324805
22.01.2021 02:00:00.000 UTC,52.633,52.653,52.293,52.293,0.245047
22.01.2021 03:00:00.000 UTC,52.298,52.433,52.203,52.403,0.177854
22.01.2021 04:00:00.000 UTC,52.398,52.603,52.383,52.483,0.122815
22.01.2021 05:00:00.000 UTC,52.463,52.493,52.363,52.383,0.182017
22.01.2021 06:00:00.000 UTC,52.377,52.503,52.353,52.383,0.244322
22.01.2021 07:00:00.000 UTC,52.388,52.543,52.283,52.343,0.351686
22.01.2021 08:00:00.000 UTC,52.353,52.378,52.163,52.363,0.790024
22.01.2021 09:00:00.000 UTC,52.353,52.373,52.063,52.093,0.627722
22.01.2021 10:00:00.000 UTC,52.083,52.093,51.713,51.763,0.725462
22.01.2021 11:00:00.000 UTC,51.768,51.903,51.573,51.803,0.737951
22.01.2021 12:00:00.000 UTC,51.813,51.863,51.628,51.683,0.68469
22.01.2021 13:00:00.000 UTC,51.693,51.763,51.413,51.613,0.990492
22.01.2021 14:00:00.000 UTC,51.603,52.283,51.503,52.253,1.407761
22.01.2021 15:00:00.000 UTC,52.263,52.763,52.203,52.503,1.663661
22.01.2021 16:00:00.000 UTC,52.497,52.677,52.163,52.473,1.579767
22.01.2021 17:00:00.000 UTC,52.477,52.553,52.313,52.363,0.61391
22.01.2021 18:00:00.000 UTC,52.367,52.483,52.213,52.363,0.50039
22.01.2021 19:00:00.000 UTC,52.353,52.383,51.993,52.193,0.791319
22.01.2021 20:00:00.000 UTC,52.183,52.233,52.028,52.103,0.310241
22.01.2021 21:00:00.000 UTC,52.113,52.113,51.863,51.962,0.08705
24.01.2021 23:00:00.000 UTC,52.068,52.333,52.023,52.273,0.1946
25.01.2021 00:00:00.000 UTC,52.258,52.323,52.173,52.323,0.122314
25.01.2021 01:00:00.000 UTC,52.327,52.393,52.133,52.173,0.213078
25.01.2021 02:00:00.000 UTC,52.163,52.303,52.103,52.183,0.15782
25.01.2021 03:00:00.000 UTC,52.173,52.223,52.127,52.143,0.103165
25.01.2021 04:00:00.000 UTC,52.148,52.253,52.143,52.233,0.085772
25.01.2021 05:00:00.000 UTC,52.223,52.333,52.217,52.283,0.147693
25.01.2021 06:00:00.000 UTC,52.288,52.383,52.223,52.363,0.122458
25.01.2021 07:00:00.000 UTC,52.358,52.623,52.353,52.613,0.253289
25.01.2021 08:00:00.000 UTC,52.603,52.683,52.483,52.623,0.593724
25.01.2021 09:00:00.000 UTC,52.633,52.757,52.513,52.623,0.495588
25.01.2021 10:00:00.000 UTC,52.613,52.823,52.533,52.763,0.376824
25.01.2021 11:00:00.000 UTC,52.753,52.863,52.388,52.453,0.466891
25.01.2021 12:00:00.000 UTC,52.443,52.473,52.143,52.203,0.580186
25.01.2021 13:00:00.000 UTC,52.183,52.327,52.033,52.183,0.822552
25.01.2021 14:00:00.000 UTC,52.183,52.353,51.897,52.313,1.445436
25.01.2021 15:00:00.000 UTC,52.303,52.473,52.143,52.183,1.291154
25.01.2021 16:00:00.000 UTC,52.173,52.343,51.792,52.313,1.514456
25.01.2021 17:00:00.000 UTC,52.323,52.403,52.183,52.363,0.62973
25.01.2021 18:00:00.000 UTC,52.373,52.633,52.303,52.513,0.584038
25.01.2021 19:00:00.000 UTC,52.503,52.823,52.443,52.703,0.602002
25.01.2021 20:00:00.000 UTC,52.713,52.783,52.693,52.733,0.2127
25.01.2021 21:00:00.000 UTC,52.743,52.917,52.713,52.847,0.159726
25.01.2021 23:00:00.000 UTC,52.873,52.933,52.823,52.833,0.068644
26.01.2021 00:00:00.000 UTC,52.823,52.883,52.783,52.823,0.081302
26.01.2021 01:00:00.000 UTC,52.833,52.853,52.633,52.663,0.150624
26.01.2021 02:00:00.000 UTC,52.673,52.693,52.423,52.463,0.149081
26.01.2021 03:00:00.000 UTC,52.453,52.543,52.443,52.543,0.112216
26.01.2021 04:00:00.000 UTC,52.533,52.573,52.383,52.393,0.084824
26.01.2021 05:00:00.000 UTC,52.397,52.463,52.313,52.343,0.105629
26.01.2021 06:00:00.000 UTC,52.333,52.423,52.278,52.383,0.180723
26.01.2021 07:00:00.000 UTC,52.373,52.553,52.363,52.413,0.332759
26.01.2021 08:00:00.000 UTC,52.417,52.773,52.403,52.763,0.595644
26.01.2021 09:00:00.000 UTC,52.773,53.083,52.703,53.013,0.523061
26.01.2021 10:00:00.000 UTC,53.003,53.113,52.853,53.003,0.439491
26.01.2021 11:00:00.000 UTC,53.023,53.213,52.983,52.983,0.463358
26.01.2021 12:00:00.000 UTC,52.993,53.223,52.903,53.133,0.468901
26.01.2021 13:00:00.000 UTC,53.143,53.203,52.833,53.053,0.597314
26.01.2021 14:00:00.000 UTC,53.053,53.103,52.663,52.873,0.941498
26.01.2021 15:00:00.000 UTC,52.867,52.913,52.483,52.543,1.188133
26.01.2021 16:00:00.000 UTC,52.533,52.613,52.423,52.433,0.639235
26.01.2021 17:00:00.000 UTC,52.428,52.618,52.383,52.523,0.415643
26.01.2021 18:00:00.000 UTC,52.533,52.623,52.473,52.583,0.377752
26.01.2021 19:00:00.000 UTC,52.573,52.663,52.503,52.533,0.382916
26.01.2021 20:00:00.000 UTC,52.523,52.543,52.443,52.483,0.133247
26.01.2021 21:00:00.000 UTC,52.473,52.783,52.463,52.727,0.217979
26.01.2021 23:00:00.000 UTC,52.753,52.843,52.733,52.753,0.07711
27.01.2021 00:00:00.000 UTC,52.757,52.813,52.737,52.763,0.047329
27.01.2021 01:00:00.000 UTC,52.768,52.793,52.633,52.723,0.151534
27.01.2021 02:00:00.000 UTC,52.713,52.753,52.643,52.693,0.126486
27.01.2021 03:00:00.000 UTC,52.683,52.853,52.683,52.823,0.105805
27.01.2021 04:00:00.000 UTC,52.833,52.853,52.773,52.783,0.058688
27.01.2021 05:00:00.000 UTC,52.793,52.973,52.787,52.973,0.126886
27.01.2021 06:00:00.000 UTC,52.963,52.993,52.933,52.983,0.080268
27.01.2021 07:00:00.000 UTC,52.973,53.033,52.903,52.953,0.149023
27.01.2021 08:00:00.000 UTC,52.943,53.093,52.833,52.913,0.53501
27.01.2021 09:00:00.000 UTC,52.923,53.063,52.853,52.863,0.347924
27.01.2021 10:00:00.000 UTC,52.853,52.983,52.818,52.913,0.257846
27.01.2021 11:00:00.000 UTC,52.903,52.913,52.467,52.593,0.488988
27.01.2021 12:00:00.000 UTC,52.598,52.673,52.483,52.493,0.683664
27.01.2021 13:00:00.000 UTC,52.487,52.613,52.333,52.463,0.747224
27.01.2021 14:00:00.000 UTC,52.458,52.643,51.833,52.173,2.021603
27.01.2021 15:00:00.000 UTC,52.163,53.173,52.137,53.143,1.654104
27.01.2021 16:00:00.000 UTC,53.133,53.273,52.913,53.013,1.142329
27.01.2021 17:00:00.000 UTC,53.003,53.213,52.953,53.183,0.565439
27.01.2021 18:00:00.000 UTC,53.193,53.208,52.753,52.773,0.571253
27.01.2021 19:00:00.000 UTC,52.763,52.903,52.513,52.573,0.856993
27.01.2021 20:00:00.000 UTC,52.563,52.683,52.503,52.643,0.497589
27.01.2021 21:00:00.000 UTC,52.648,52.668,52.508,52.597,0.306041
27.01.2021 23:00:00.000 UTC,52.638,52.638,52.333,52.393,0.153447
28.01.2021 00:00:00.000 UTC,52.403,52.443,52.303,52.403,0.278788
28.01.2021 01:00:00.000 UTC,52.423,52.753,52.393,52.683,0.349367
28.01.2021 02:00:00.000 UTC,52.687,52.773,52.563,52.643,0.255503
28.01.2021 03:00:00.000 UTC,52.633,52.643,52.543,52.573,0.196397
28.01.2021 04:00:00.000 UTC,52.583,52.603,52.493,52.503,0.120449
28.01.2021 05:00:00.000 UTC,52.507,52.643,52.463,52.473,0.189967
28.01.2021 06:00:00.000 UTC,52.463,52.543,52.423,52.503,0.184451
28.01.2021 07:00:00.000 UTC,52.513,52.583,52.343,52.543,0.447558
28.01.2021 08:00:00.000 UTC,52.533,52.613,52.333,52.403,1.001183
28.01.2021 09:00:00.000 UTC,52.393,52.683,52.203,52.663,0.86567
28.01.2021 10:00:00.000 UTC,52.673,52.783,52.573,52.668,0.75092
28.01.2021 11:00:00.000 UTC,52.673,52.833,52.623,52.648,0.532893
28.01.2021 12:00:00.000 UTC,52.643,52.763,52.593,52.663,0.543906
28.01.2021 13:00:00.000 UTC,52.667,53.503,52.553,53.383,1.119008
28.01.2021 14:00:00.000 UTC,53.378,53.543,53.153,53.187,2.13332
28.01.2021 15:00:00.000 UTC,53.193,53.323,52.593,52.743,2.034056
28.01.2021 16:00:00.000 UTC,52.733,52.793,52.333,52.423,1.259545
28.01.2021 17:00:00.000 UTC,52.433,52.543,52.183,52.313,0.921731
28.01.2021 18:00:00.000 UTC,52.318,52.648,52.253,52.583,0.591333
28.01.2021 19:00:00.000 UTC,52.588,52.633,52.243,52.323,0.704485
28.01.2021 20:00:00.000 UTC,52.313,52.353,52.243,52.253,0.331281
28.01.2021 21:00:00.000 UTC,52.248,52.283,52.063,52.067,0.149514
28.01.2021 23:00:00.000 UTC,52.118,52.278,52.088,52.203,0.144832
29.01.2021 00:00:00.000 UTC,52.213,52.243,52.143,52.213,0.125432
29.01.2021 01:00:00.000 UTC,52.223,52.417,52.193,52.233,0.349637
29.01.2021 02:00:00.000 UTC,52.243,52.383,52.213,52.283,0.183379
29.01.2021 03:00:00.000 UTC,52.288,52.323,52.173,52.193,0.211616
29.01.2021 04:00:00.000 UTC,52.203,52.233,52.128,52.173,0.209761
29.01.2021 05:00:00.000 UTC,52.173,52.273,51.953,52.143,0.281789
29.01.2021 06:00:00.000 UTC,52.133,52.273,52.063,52.223,0.283403
29.01.2021 07:00:00.000 UTC,52.213,52.263,51.973,52.103,0.553956
29.01.2021 08:00:00.000 UTC,52.093,52.433,51.923,52.423,0.998434
29.01.2021 09:00:00.000 UTC,52.423,52.533,52.253,52.438,0.757445
29.01.2021 10:00:00.000 UTC,52.443,52.573,52.348,52.533,0.659298
29.01.2021 11:00:00.000 UTC,52.523,52.613,52.333,52.583,0.656872
29.01.2021 12:00:00.000 UTC,52.577,52.603,52.423,52.593,0.652747
29.01.2021 13:00:00.000 UTC,52.583,52.903,52.233,52.823,1.591189
29.01.2021 14:00:00.000 UTC,52.813,53.223,52.813,52.913,2.594274
29.01.2021 15:00:00.000 UTC,52.917,52.973,52.623,52.693,1.377953
29.01.2021 16:00:00.000 UTC,52.703,52.713,52.238,52.473,1.396671
29.01.2021 17:00:00.000 UTC,52.468,52.493,51.993,52.123,1.22262
29.01.2021 18:00:00.000 UTC,52.113,52.473,52.073,52.223,1.073455
29.01.2021 19:00:00.000 UTC,52.233,52.343,52.053,52.183,0.916319
29.01.2021 20:00:00.000 UTC,52.173,52.363,52.133,52.173,0.514727
29.01.2021 21:00:00.000 UTC,52.168,52.213,52.063,52.117,0.132109
31.01.2021 23:00:00.000 UTC,52.048,52.123,51.633,51.953,0.385126
01.02.2021 00:00:00.000 UTC,51.943,52.073,51.893,52.023,0.247965
01.02.2021 01:00:00.000 UTC,52.013,52.233,51.863,52.103,0.347476
01.02.2021 02:00:00.000 UTC,52.093,52.223,52.083,52.203,0.213553
01.02.2021 03:00:00.000 UTC,52.193,52.453,52.183,52.403,0.254258
01.02.2021 04:00:00.000 UTC,52.393,52.448,52.333,52.413,0.168689
01.02.2021 05:00:00.000 UTC,52.423,52.497,52.383,52.473,0.173747
01.02.2021 06:00:00.000 UTC,52.463,52.493,52.358,52.403,0.171282
01.02.2021 07:00:00.000 UTC,52.407,52.673,52.318,52.583,0.500043
01.02.2021 08:00:00.000 UTC,52.587,52.683,52.483,52.593,1.052793
01.02.2021 09:00:00.000 UTC,52.583,52.653,52.423,52.433,0.637045
01.02.2021 10:00:00.000 UTC,52.443,52.523,52.333,52.373,0.59407
01.02.2021 11:00:00.000 UTC,52.378,52.753,52.333,52.653,0.627275
01.02.2021 12:00:00.000 UTC,52.643,52.783,52.523,52.613,0.6086
01.02.2021 13:00:00.000 UTC,52.623,52.648,52.353,52.493,0.720654
01.02.2021 14:00:00.000 UTC,52.513,53.133,52.373,52.473,1.890525
01.02.2021 15:00:00.000 UTC,52.483,52.853,52.223,52.643,2.197977
01.02.2021 16:00:00.000 UTC,52.633,53.143,52.503,52.993,1.198252
01.02.2021 17:00:00.000 UTC,53.003,53.103,52.893,53.063,0.483372
01.02.2021 18:00:00.000 UTC,53.067,53.433,53.043,53.373,0.598311
01.02.2021 19:00:00.000 UTC,53.378,53.683,53.353,53.653,0.804576
01.02.2021 20:00:00.000 UTC,53.663,53.713,53.573,53.623,0.227426
01.02.2021 21:00:00.000 UTC,53.633,53.673,53.368,53.507,0.214263
01.02.2021 23:00:00.000 UTC,53.458,53.673,53.443,53.573,0.10563
02.02.2021 00:00:00.000 UTC,53.563,53.593,53.443,53.593,0.078413
02.02.2021 01:00:00.000 UTC,53.583,54.123,53.553,53.963,0.480205
02.02.2021 02:00:00.000 UTC,53.968,54.293,53.963,54.213,0.256014
02.02.2021 03:00:00.000 UTC,54.217,54.273,54.043,54.133,0.211469
02.02.2021 04:00:00.000 UTC,54.143,54.153,54.033,54.083,0.081782
02.02.2021 05:00:00.000 UTC,54.093,54.163,54.053,54.163,0.163496
02.02.2021 06:00:00.000 UTC,54.153,54.283,54.073,54.153,0.201024
02.02.2021 07:00:00.000 UTC,54.158,54.233,53.913,54.043,0.447439
02.02.2021 08:00:00.000 UTC,54.033,54.413,54.013,54.163,1.092251
02.02.2021 09:00:00.000 UTC,54.173,54.423,54.063,54.363,0.641348
02.02.2021 10:00:00.000 UTC,54.367,54.878,54.353,54.773,0.844931
02.02.2021 11:00:00.000 UTC,54.768,54.863,54.663,54.723,0.607528
02.02.2021 12:00:00.000 UTC,54.718,54.943,54.683,54.823,0.51775
02.02.2021 13:00:00.000 UTC,54.813,55.107,54.703,54.883,1.112734
02.02.2021 14:00:00.000 UTC,54.893,55.233,54.783,54.853,1.850833
02.02.2021 15:00:00.000 UTC,54.843,55.143,54.843,55.063,1.593793
02.02.2021 16:00:00.000 UTC,55.073,55.127,54.773,54.833,1.128408
02.02.2021 17:00:00.000 UTC,54.823,54.858,54.563,54.683,0.75285
02.02.2021 18:00:00.000 UTC,54.693,54.853,54.673,54.813,0.438834
02.02.2021 19:00:00.000 UTC,54.803,54.903,54.593,54.693,0.807741
02.02.2021 20:00:00.000 UTC,54.683,54.787,54.673,54.773,0.255786
02.02.2021 21:00:00.000 UTC,54.783,55.123,54.773,55.007,0.21231
02.02.2021 23:00:00.000 UTC,55.043,55.103,54.923,54.933,0.070076
03.02.2021 00:00:00.000 UTC,54.953,55.093,54.903,55.033,0.075724
03.02.2021 01:00:00.000 UTC,55.023,55.093,54.783,54.913,0.312356
03.02.2021 02:00:00.000 UTC,54.923,55.033,54.843,55.013,0.236202
03.02.2021 03:00:00.000 UTC,55.023,55.023,54.903,54.963,0.110125
03.02.2021 04:00:00.000 UTC,54.967,55.013,54.943,54.953,0.09322
03.02.2021 05:00:00.000 UTC,54.963,54.983,54.883,54.913,0.138447
03.02.2021 06:00:00.000 UTC,54.903,55.008,54.853,55.003,0.155413
03.02.2021 07:00:00.000 UTC,54.993,55.223,54.953,55.213,0.280402
03.02.2021 08:00:00.000 UTC,55.207,55.223,54.983,54.983,0.771948
03.02.2021 09:00:00.000 UTC,54.973,55.153,54.853,55.133,0.5229
03.02.2021 10:00:00.000 UTC,55.127,55.223,55.053,55.083,0.537179
03.02.2021 11:00:00.000 UTC,55.087,55.123,55.003,55.113,0.320838
03.02.2021 12:00:00.000 UTC,55.103,55.243,55.068,55.203,0.429207
03.02.2021 13:00:00.000 UTC,55.213,55.483,55.173,55.333,0.676224
03.02.2021 14:00:00.000 UTC,55.323,55.823,55.263,55.773,1.465924
03.02.2021 15:00:00.000 UTC,55.783,56.218,55.553,56.063,2.049135
03.02.2021 16:00:00.000 UTC,56.073,56.303,55.813,56.193,1.247903
03.02.2021 17:00:00.000 UTC,56.183,56.193,55.843,55.853,0.642422
03.02.2021 18:00:00.000 UTC,55.863,55.863,55.523,55.763,0.714857
03.02.2021 19:00:00.000 UTC,55.768,55.768,55.573,55.613,0.817237
03.02.2021 20:00:00.000 UTC,55.623,55.833,55.603,55.703,0.25405
03.02.2021 21:00:00.000 UTC,55.713,55.938,55.703,55.917,0.135714
03.02.2021 23:00:00.000 UTC,55.943,55.953,55.833,55.873,0.103276
04.02.2021 00:00:00.000 UTC,55.863,55.933,55.823,55.843,0.070406
04.02.2021 01:00:00.000 UTC,55.833,55.908,55.753,55.903,0.191325
04.02.2021 02:00:00.000 UTC,55.913,56.183,55.913,56.173,0.24233
04.02.2021 03:00:00.000 UTC,56.183,56.213,56.023,56.073,0.222369
04.02.2021 04:00:00.000 UTC,56.063,56.103,56.013,56.033,0.084108
04.02.2021 05:00:00.000 UTC,56.023,56.093,55.923,56.083,0.253469
04.02.2021 06:00:00.000 UTC,56.073,56.173,55.993,56.133,0.170747
04.02.2021 07:00:00.000 UTC,56.127,56.223,56.023,56.063,0.313085
04.02.2021 08:00:00.000 UTC,56.073,56.173,55.993,56.063,0.882882
04.02.2021 09:00:00.000 UTC,56.073,56.083,55.893,55.993,0.54332
04.02.2021 10:00:00.000 UTC,55.983,56.133,55.953,56.113,0.488353
04.02.2021 11:00:00.000 UTC,56.103,56.173,56.003,56.013,0.320552
04.02.2021 12:00:00.000 UTC,56.007,56.143,56.007,56.123,0.362824
04.02.2021 13:00:00.000 UTC,56.113,56.123,55.933,55.963,0.539303
04.02.2021 14:00:00.000 UTC,55.963,56.053,55.708,55.863,1.625882
04.02.2021 15:00:00.000 UTC,55.868,55.893,55.273,55.493,1.738815
04.02.2021 16:00:00.000 UTC,55.503,56.027,55.463,55.963,0.94889
04.02.2021 17:00:00.000 UTC,55.973,56.173,55.893,56.153,0.521994
04.02.2021 18:00:00.000 UTC,56.143,56.563,56.133,56.263,0.853343
04.02.2021 19:00:00.000 UTC,56.273,56.453,56.143,56.243,0.935309
04.02.2021 20:00:00.000 UTC,56.233,56.363,56.223,56.353,0.172735
04.02.2021 21:00:00.000 UTC,56.363,56.453,56.293,56.442,0.142894
04.02.2021 23:00:00.000 UTC,56.438,56.563,56.423,56.513,0.082957
05.02.2021 00:00:00.000 UTC,56.503,56.603,56.503,56.593,0.144265
05.02.2021 01:00:00.000 UTC,56.583,56.683,56.543,56.653,0.229183
05.02.2021 02:00:00.000 UTC,56.657,56.813,56.583,56.623,0.264676
05.02.2021 03:00:00.000 UTC,56.613,56.673,56.543,56.603,0.142372
05.02.2021 04:00:00.000 UTC,56.613,56.693,56.563,56.573,0.107185
05.02.2021 05:00:00.000 UTC,56.563,56.753,56.533,56.663,0.167829
05.02.2021 06:00:00.000 UTC,56.673,56.673,56.513,56.513,0.112468
05.02.2021 07:00:00.000 UTC,56.517,56.613,56.463,56.603,0.216459
05.02.2021 08:00:00.000 UTC,56.593,56.903,56.593,56.883,0.740456
05.02.2021 09:00:00.000 UTC,56.863,57.067,56.853,56.893,0.550827
05.02.2021 10:00:00.000 UTC,56.883,56.923,56.743,56.813,0.388419
05.02.2021 11:00:00.000 UTC,56.803,56.823,56.593,56.743,0.410433
05.02.2021 12:00:00.000 UTC,56.733,56.853,56.673,56.723,0.358359
05.02.2021 13:00:00.000 UTC,56.718,56.843,56.563,56.833,0.679177
05.02.2021 14:00:00.000 UTC,56.828,57.263,56.823,56.923,1.77184
05.02.2021 15:00:00.000 UTC,56.917,57.033,56.523,56.973,1.332032
05.02.2021 16:00:00.000 UTC,56.977,57.093,56.673,56.773,0.884053
05.02.2021 17:00:00.000 UTC,56.783,56.923,56.733,56.813,0.57258
05.02.2021 18:00:00.000 UTC,56.803,56.903,56.653,56.803,0.4392
05.02.2021 19:00:00.000 UTC,56.813,56.993,56.703,56.923,0.651865
05.02.2021 20:00:00.000 UTC,56.913,57.013,56.893,56.953,0.205872
05.02.2021 21:00:00.000 UTC,56.933,57.083,56.913,57.062,0.095213
07.02.2021 23:00:00.000 UTC,57.043,57.383,56.993,57.373,0.180653
08.02.2021 00:00:00.000 UTC,57.363,57.473,57.313,57.323,0.17304
08.02.2021 01:00:00.000 UTC,57.318,57.478,57.283,57.353,0.267536
08.02.2021 02:00:00.000 UTC,57.343,57.408,57.303,57.333,0.122443
08.02.2021 03:00:00.000 UTC,57.323,57.433,57.293,57.413,0.078056
08.02.2021 04:00:00.000 UTC,57.417,57.463,57.403,57.463,0.063903
08.02.2021 05:00:00.000 UTC,57.473,57.543,57.353,57.363,0.166871
08.02.2021 06:00:00.000 UTC,57.353,57.433,57.303,57.323,0.147511
08.02.2021 07:00:00.000 UTC,57.327,57.583,57.313,57.583,0.282439
08.02.2021 08:00:00.000 UTC,57.573,57.653,57.463,57.553,0.679197
08.02.2021 09:00:00.000 UTC,57.543,57.563,57.373,57.433,0.475328
08.02.2021 10:00:00.000 UTC,57.428,57.533,57.313,57.513,0.298196
08.02.2021 11:00:00.000 UTC,57.503,57.603,57.493,57.543,0.274116
08.02.2021 12:00:00.000 UTC,57.553,57.553,57.383,57.473,0.290437
08.02.2021 13:00:00.000 UTC,57.477,57.603,57.413,57.463,0.480565
08.02.2021 14:00:00.000 UTC,57.473,57.743,57.323,57.663,1.347223
08.02.2021 15:00:00.000 UTC,57.673,57.913,57.628,57.743,1.13793
08.02.2021 16:00:00.000 UTC,57.753,57.947,57.643,57.853,0.827442
08.02.2021 17:00:00.000 UTC,57.857,58.123,57.833,57.983,0.853408
08.02.2021 18:00:00.000 UTC,57.993,57.993,57.783,57.813,0.558769
08.02.2021 19:00:00.000 UTC,57.803,57.993,57.683,57.963,0.624514
08.02.2021 20:00:00.000 UTC,57.953,58.023,57.873,58.013,0.178376
08.02.2021 21:00:00.000 UTC,58.013,58.083,57.983,58.067,0.145618
08.02.2021 23:00:00.000 UTC,58.068,58.093,57.953,58.033,0.065669
09.02.2021 00:00:00.000 UTC,58.023,58.287,57.983,58.263,0.138753
09.02.2021 01:00:00.000 UTC,58.253,58.353,58.163,58.303,0.210001
09.02.2021 02:00:00.000 UTC,58.308,58.488,58.283,58.443,0.195208
09.02.2021 03:00:00.000 UTC,58.453,58.473,58.353,58.393,0.139893
09.02.2021 04:00:00.000 UTC,58.388,58.423,58.343,58.353,0.068018
09.02.2021 05:00:00.000 UTC,58.363,58.463,58.313,58.433,0.119377
09.02.2021 06:00:00.000 UTC,58.423,58.593,58.423,58.503,0.238977
09.02.2021 07:00:00.000 UTC,58.493,58.513,58.313,58.453,0.337812
09.02.2021 08:00:00.000 UTC,58.453,58.473,58.193,58.263,0.594574
09.02.2021 09:00:00.000 UTC,58.273,58.293,58.033,58.253,0.557104
09.02.2021 10:00:00.000 UTC,58.243,58.253,58.033,58.043,0.402241
09.02.2021 11:00:00.000 UTC,58.037,58.053,57.533,57.883,0.652589
09.02.2021 12:00:00.000 UTC,57.893,58.083,57.843,57.953,0.441736
09.02.2021 13:00:00.000 UTC,57.933,58.003,57.643,57.658,0.725711
09.02.2021 14:00:00.000 UTC,57.663,57.823,57.243,57.553,1.793253
09.02.2021 15:00:00.000 UTC,57.563,57.973,57.497,57.903,1.340494
09.02.2021 16:00:00.000 UTC,57.907,58.133,57.803,58.113,1.095009
09.02.2021 17:00:00.000 UTC,58.123,58.413,58.083,58.273,0.763103
09.02.2021 18:00:00.000 UTC,58.283,58.393,58.083,58.223,0.568572
09.02.2021 19:00:00.000 UTC,58.213,58.473,58.213,58.333,0.646837
09.02.2021 20:00:00.000 UTC,58.323,58.413,58.293,58.343,0.199368
09.02.2021 21:00:00.000 UTC,58.333,58.493,58.268,58.387,0.139941
09.02.2021 23:00:00.000 UTC,58.403,58.443,58.343,58.373,0.072409
10.02.2021 00:00:00.000 UTC,58.363,58.373,58.293,58.343,0.094409
10.02.2021 01:00:00.000 UTC,58.333,58.393,58.283,58.383,0.209978
10.02.2021 02:00:00.000 UTC,58.373,58.373,58.083,58.093,0.170517
10.02.2021 03:00:00.000 UTC,58.098,58.253,58.083,58.233,0.098711
10.02.2021 04:00:00.000 UTC,58.238,58.263,58.183,58.243,0.064086
10.02.2021 05:00:00.000 UTC,58.233,58.333,58.153,58.303,0.114493
10.02.2021 06:00:00.000 UTC,58.293,58.343,58.133,58.143,0.202576
10.02.2021 07:00:00.000 UTC,58.147,58.303,58.083,58.263,0.216066
10.02.2021 08:00:00.000 UTC,58.257,58.333,58.158,58.333,0.720182
10.02.2021 09:00:00.000 UTC,58.313,58.653,58.293,58.513,0.671155
10.02.2021 10:00:00.000 UTC,58.517,58.733,58.513,58.693,0.457011
10.02.2021 11:00:00.000 UTC,58.683,58.703,58.583,58.613,0.342294
10.02.2021 12:00:00.000 UTC,58.607,58.723,58.593,58.713,0.31562
10.02.2021 13:00:00.000 UTC,58.708,58.723,58.513,58.523,0.515725
10.02.2021 14:00:00.000 UTC,58.528,58.583,58.227,58.243,1.291643
10.02.2021 15:00:00.000 UTC,58.237,58.693,58.057,58.683,2.839428
10.02.2021 16:00:00.000 UTC,58.673,58.883,58.563,58.783,1.330167
10.02.2021 17:00:00.000 UTC,58.777,58.793,58.413,58.753,0.933872
10.02.2021 18:00:00.000 UTC,58.743,58.793,58.533,58.593,0.52434
10.02.2021 19:00:00.000 UTC,58.583,58.743,58.563,58.703,0.58986
10.02.2021 20:00:00.000 UTC,58.693,58.713,58.453,58.513,0.338972
10.02.2021 21:00:00.000 UTC,58.503,58.527,58.303,58.367,0.194553
10.02.2021 23:00:00.000 UTC,58.368,58.448,58.293,58.313,0.060257
11.02.2021 00:00:00.000 UTC,58.308,58.333,58.163,58.183,0.119946
11.02.2021 01:00:00.000 UTC,58.203,58.283,58.153,58.183,0.157971
11.02.2021 02:00:00.000 UTC,58.188,58.343,58.153,58.333,0.124022
11.02.2021 03:00:00.000 UTC,58.323,58.348,58.253,58.293,0.096332
11.02.2021 04:00:00.000 UTC,58.303,58.443,58.293,58.353,0.165535
11.02.2021 05:00:00.000 UTC,58.343,58.393,58.313,58.343,0.090664
11.02.2021 06:00:00.000 UTC,58.353,58.403,58.293,58.393,0.101607
11.02.2021 07:00:00.000 UTC,58.403,58.443,58.278,58.343,0.203568
11.02.2021 08:00:00.000 UTC,58.353,58.423,58.213,58.283,0.487846
11.02.2021 09:00:00.000 UTC,58.293,58.423,58.193,58.288,0.320262
11.02.2021 10:00:00.000 UTC,58.283,58.363,58.183,58.343,0.273896
11.02.2021 11:00:00.000 UTC,58.333,58.353,58.093,58.273,0.333641
11.02.2021 12:00:00.000 UTC,58.263,58.313,58.153,58.208,0.266386
11.02.2021 13:00:00.000 UTC,58.203,58.553,58.203,58.543,0.556973
11.02.2021 14:00:00.000 UTC,58.553,58.683,58.427,58.493,1.058929
11.02.2021 15:00:00.000 UTC,58.497,58.573,58.383,58.413,0.883876
11.02.2021 16:00:00.000 UTC,58.423,58.573,58.373,58.413,0.668546
11.02.2021 17:00:00.000 UTC,58.423,58.423,58.153,58.313,0.982365
11.02.2021 18:00:00.000 UTC,58.303,58.367,58.193,58.263,0.474065
11.02.2021 19:00:00.000 UTC,58.273,58.313,57.873,57.913,0.899485
11.02.2021 20:00:00.000 UTC,57.917,57.963,57.843,57.963,0.379443
11.02.2021 21:00:00.000 UTC,57.953,57.983,57.823,57.882,0.17906
11.02.2021 23:00:00.000 UTC,57.898,57.943,57.873,57.943,0.066106