zone,start_year,end_year,quantile,type,variable,value,se,pval,stars
SE2,2015,2015,.1,fit,N,8732,,,
SE2,2015,2015,.1,lbq,L24,681.9465923691838,,1.5493348572e-128,***
SE2,2015,2015,.1,coef,_cons,-.4143417937956403,.0444060063831383,0,***
SE2,2015,2015,.1,coef,wind_log,.0090169351947505,.0014891583132877,1.40369871282e-09,***
SE2,2015,2015,.1,coef,hydro_log_ds,-.0045101196072991,.0097279310904645,.6429158832037474,
SE2,2015,2015,.1,coef,consump_log_ds,.0518298853938045,.0167626111106129,.0019881717072792,***
SE2,2015,2015,.1,coef,oil_log,-.0546158885912833,.0108708533971391,5.05887507884e-07,***
SE2,2015,2015,.1,coef,gas_log,.1732960100261598,.0140232164004664,0,***
SE2,2015,2015,.1,coef,netexch_no3,-6.32557627251e-06,4.49470402010e-06,.1593266254508618,
SE2,2015,2015,.1,coef,netexch_no4,.000083308505498,.0000172220612364,1.31605917231e-06,***
SE2,2015,2015,.1,coef,netexch_se1,1.96007317891e-06,2.63503794417e-06,.4569671803421507,
SE2,2015,2015,.1,coef,netexch_se3,7.46574370421e-07,1.40252253663e-06,.5945124928663361,
SE2,2015,2015,.1,coef,ar_L1,1.117160651771801,.0118805530798145,0,***
SE2,2015,2015,.1,coef,ar_L2,-.1764917329341285,.0123425792155469,0,***
SE2,2015,2015,.25,fit,N,8732,,,
SE2,2015,2015,.25,lbq,L24,291.3195594315704,,9.33650548906e-48,***
SE2,2015,2015,.25,coef,_cons,-.1460675964029532,.0293194033181991,6.29489762316e-07,***
SE2,2015,2015,.25,coef,wind_log,.0028793775468741,.0007293268327299,.0000788089655532,***
SE2,2015,2015,.25,coef,hydro_log_ds,-.0140662342037819,.0055901804626301,.011861447005157,**
SE2,2015,2015,.25,coef,consump_log_ds,.0300002897943374,.0112728591317308,.0077843060007063,***
SE2,2015,2015,.25,coef,oil_log,-.0205377961599848,.006338849558953,.0011953475281885,***
SE2,2015,2015,.25,coef,gas_log,.0631073361657957,.0096114165474921,5.17290654756e-11,***
SE2,2015,2015,.25,coef,netexch_no3,5.42084866507e-07,2.52937495836e-06,.8303008442702,
SE2,2015,2015,.25,coef,netexch_no4,.0000262387957332,.000010333544255,.0111110585847596,**
SE2,2015,2015,.25,coef,netexch_se1,2.07138197074e-06,1.38624989995e-06,.1351144240333622,
SE2,2015,2015,.25,coef,netexch_se3,8.29459122654e-07,7.18218373756e-07,.2481378101373723,
SE2,2015,2015,.25,coef,ar_L1,1.158295826253107,.008751269071651,0,***
SE2,2015,2015,.25,coef,ar_L2,-.1936001955852727,.0088045675409895,0,***
SE2,2015,2015,.5,fit,N,8732,,,
SE2,2015,2015,.5,lbq,L24,324.2001877017265,,2.17568582668e-54,***
SE2,2015,2015,.5,coef,_cons,-.0624852826710089,.0180178639810562,.0005244198081336,***
SE2,2015,2015,.5,coef,wind_log,.0012923275302038,.0005212781515463,.0131695342056928,**
SE2,2015,2015,.5,coef,hydro_log_ds,-.0105090450665467,.0041270790483687,.0108851651377064,**
SE2,2015,2015,.5,coef,consump_log_ds,.0239387276451281,.0080473856946651,.0029325508246909,***
SE2,2015,2015,.5,coef,oil_log,.0011758747749684,.0044691622537685,.7924669184810484,
SE2,2015,2015,.5,coef,gas_log,.0195079992569202,.0063522212832186,.0021330629332481,***
SE2,2015,2015,.5,coef,netexch_no3,8.43093590839e-06,1.89240209269e-06,8.38344096699e-06,***
SE2,2015,2015,.5,coef,netexch_no4,.0000104726023927,7.00260512599e-06,.134776312452576,
SE2,2015,2015,.5,coef,netexch_se1,1.24832076136e-06,1.05565101890e-06,.2370023200382754,
SE2,2015,2015,.5,coef,netexch_se3,1.49697427462e-06,5.63079217404e-07,.0078477696122417,***
SE2,2015,2015,.5,coef,ar_L1,1.15832430421974,.0069968153653624,0,***
SE2,2015,2015,.5,coef,ar_L2,-.1860186844917685,.0069389982097101,0,***
SE2,2015,2015,.75,fit,N,8732,,,
SE2,2015,2015,.75,lbq,L24,311.1972076639394,,9.26634354431e-52,***
SE2,2015,2015,.75,coef,_cons,.0156685862075157,.022857267809747,.4930304166684205,
SE2,2015,2015,.75,coef,wind_log,.0001965634190323,.0006790936155165,.7722372940359628,
SE2,2015,2015,.75,coef,hydro_log_ds,-.0126393439013123,.004885548022503,.0096790797981916,***
SE2,2015,2015,.75,coef,consump_log_ds,.0272006905751259,.0091005046708189,.0027996440228482,***
SE2,2015,2015,.75,coef,oil_log,.0192044763323851,.0054608359481947,.000436840474769,***
SE2,2015,2015,.75,coef,gas_log,-.0163784732609552,.0080717160200846,.0424461594828571,**
SE2,2015,2015,.75,coef,netexch_no3,.000022970582696,2.32555686731e-06,0,***
SE2,2015,2015,.75,coef,netexch_no4,-.0000125595754035,8.67138526095e-06,.1475071168610922,
SE2,2015,2015,.75,coef,netexch_se1,1.29601382444e-06,1.31697340915e-06,.325073703940542,
SE2,2015,2015,.75,coef,netexch_se3,3.95900476141e-06,6.81359165983e-07,6.23043772130e-09,***
SE2,2015,2015,.75,coef,ar_L1,1.164964126800478,.0088019128451111,0,***
SE2,2015,2015,.75,coef,ar_L2,-.1935365567764187,.0087464320767624,0,***
SE2,2015,2015,.9,fit,N,8732,,,
SE2,2015,2015,.9,lbq,L24,375.7528609706441,,6.97901301843e-65,***
SE2,2015,2015,.9,coef,_cons,.2727313839621887,.0448084447919389,1.15328746553e-09,***
SE2,2015,2015,.9,coef,wind_log,-.0034686203444799,.0010702632812638,.0011915138256544,***
SE2,2015,2015,.9,coef,hydro_log_ds,-.0142834872179441,.0063297305701233,.0240348864960167,**
SE2,2015,2015,.9,coef,consump_log_ds,.0361029279836454,.0171415900975822,.0351904737250761,**
SE2,2015,2015,.9,coef,oil_log,.03243835324019,.0091491149271406,.0003918419676479,***
SE2,2015,2015,.9,coef,gas_log,-.0987620421365444,.013788941801765,7.92699239582e-13,***
SE2,2015,2015,.9,coef,netexch_no3,.0000471450567364,4.08520433300e-06,0,***
SE2,2015,2015,.9,coef,netexch_no4,-.0000540509577631,.000013362339134,.0000523181774703,***
SE2,2015,2015,.9,coef,netexch_se1,-3.30281976601e-06,2.35802786472e-06,.1613126665114204,
SE2,2015,2015,.9,coef,netexch_se3,5.39935996818e-06,1.24376244811e-06,.000014173859666,***
SE2,2015,2015,.9,coef,ar_L1,1.152084054694768,.0149760148470197,0,***
SE2,2015,2015,.9,coef,ar_L2,-.1980730377426867,.014849086395913,0,***
SE2,2015,2015,.95,fit,N,8732,,,
SE2,2015,2015,.95,lbq,L24,1664.032967667461,,0,***
SE2,2015,2015,.95,coef,_cons,.4235599023298675,.0942449771482693,6.98176101932e-06,***
SE2,2015,2015,.95,coef,wind_log,-.0065040634655366,.0023589601358841,.0058303324147519,***
SE2,2015,2015,.95,coef,hydro_log_ds,-.0150410214750126,.0117504326628723,.2005311388304436,
SE2,2015,2015,.95,coef,consump_log_ds,.0350952424259543,.029920902239354,.240822288752679,
SE2,2015,2015,.95,coef,oil_log,.0600070204956811,.0165312365439228,.0002835121082598,***
SE2,2015,2015,.95,coef,gas_log,-.1615682957267717,.0266584198059085,1.35542710389e-09,***
SE2,2015,2015,.95,coef,netexch_no3,.0000721007119041,7.79985379696e-06,0,***
SE2,2015,2015,.95,coef,netexch_no4,-.0000746871705757,.000021927793712,.0006591001015488,***
SE2,2015,2015,.95,coef,netexch_se1,1.64846449314e-06,4.86246006350e-06,.7345957043477616,
SE2,2015,2015,.95,coef,netexch_se3,.0000113989026738,2.36031376916e-06,1.36944088802e-06,***
SE2,2015,2015,.95,coef,ar_L1,1.133444729607993,.0289305444394992,0,***
SE2,2015,2015,.95,coef,ar_L2,-.2074127199644973,.0283297148415111,2.45359288442e-13,***
SE2,2015,2015,.99,fit,N,8732,,,
SE2,2015,2015,.99,lbq,L24,26281.52928559256,,0,***
SE2,2015,2015,.99,coef,_cons,.5900189616971928,.2782331953811717,.0339561902560501,**
SE2,2015,2015,.99,coef,wind_log,-.0178446712952709,.0070810341500262,.0117332930983081,**
SE2,2015,2015,.99,coef,hydro_log_ds,-.049687452984839,.0581210387107707,.3926086349690607,
SE2,2015,2015,.99,coef,consump_log_ds,.1385687341292096,.1163004817865705,.2334684553695352,
SE2,2015,2015,.99,coef,oil_log,.0808525630410499,.0595028496319313,.1742094887945111,
SE2,2015,2015,.99,coef,gas_log,-.1449500518378632,.102732230881256,.1582593269368902,
SE2,2015,2015,.99,coef,netexch_no3,.0002485783108735,.0000248028165735,0,***
SE2,2015,2015,.99,coef,netexch_no4,-.000202457050338,.0000907322962936,.0256568299654596,**
SE2,2015,2015,.99,coef,netexch_se1,.0000105035175308,.0000145476648097,.4702901017893371,
SE2,2015,2015,.99,coef,netexch_se3,.0000306887317965,7.61575491774e-06,.0000558629262726,***
SE2,2015,2015,.99,coef,ar_L1,.9767686520193352,.0574612458220235,0,***
SE2,2015,2015,.99,coef,ar_L2,-.1887530080079134,.0528800717612729,.0003577253933047,***
SE2,2016,2016,.1,fit,N,8756,,,
SE2,2016,2016,.1,lbq,L24,762.1575742299489,,2.0057568304e-145,***
SE2,2016,2016,.1,coef,_cons,-.0130354982506053,.0271016501449878,.6305268696841606,
SE2,2016,2016,.1,coef,wind_log,-.0043945266086617,.0008816871993531,6.22109364690e-07,***
SE2,2016,2016,.1,coef,hydro_log_ds,.0020263925089022,.0067202595228315,.7630066723983862,
SE2,2016,2016,.1,coef,consump_log_ds,.0764135045067328,.0197669901933166,.0001107652792454,***
SE2,2016,2016,.1,coef,oil_log,.015219829110715,.0078678230507087,.0530590916341223,*
SE2,2016,2016,.1,coef,gas_log,-.0253304974461174,.007153887465844,.0003989131550934,***
SE2,2016,2016,.1,coef,netexch_no3,-.0000132247757542,3.18864536487e-06,.000033618572387,***
SE2,2016,2016,.1,coef,netexch_no4,.0000885775778946,.0000136077625599,7.54807327752e-11,***
SE2,2016,2016,.1,coef,netexch_se1,-5.86314324328e-06,2.31135757305e-06,.011191352193525,**
SE2,2016,2016,.1,coef,netexch_se3,2.50246488860e-07,8.71053020676e-07,.773888814081042,
SE2,2016,2016,.1,coef,ar_L1,1.118277456504227,.0145618742955548,0,***
SE2,2016,2016,.1,coef,ar_L2,-.2194205290583138,.0143049172442894,0,***
SE2,2016,2016,.25,fit,N,8756,,,
SE2,2016,2016,.25,lbq,L24,405.8748499632179,,4.66979988523e-71,***
SE2,2016,2016,.25,coef,_cons,.0101414725435119,.0140921878633371,.4717392272984544,
SE2,2016,2016,.25,coef,wind_log,-.0016888698695592,.0005269522521281,.0013507325453384,***
SE2,2016,2016,.25,coef,hydro_log_ds,.0015606353350411,.0035591145093548,.6610312777290679,
SE2,2016,2016,.25,coef,consump_log_ds,.061875342571316,.0116388718396016,1.05918083415e-07,***
SE2,2016,2016,.25,coef,oil_log,-.0022789957476672,.0041526459202675,.5831387987416456,
SE2,2016,2016,.25,coef,gas_log,-.0041377871589732,.0040309463552763,.3046535413462665,
SE2,2016,2016,.25,coef,netexch_no3,-2.19646640837e-06,1.84980039834e-06,.2350670207303045,
SE2,2016,2016,.25,coef,netexch_no4,.0000464798536835,7.15958390721e-06,8.47171222063e-11,***
SE2,2016,2016,.25,coef,netexch_se1,-1.25894901986e-06,1.25460122697e-06,.3156363253906977,
SE2,2016,2016,.25,coef,netexch_se3,6.91031438750e-07,4.90990580566e-07,.1593019932952697,
SE2,2016,2016,.25,coef,ar_L1,1.148632597555892,.0078309335697393,0,***
SE2,2016,2016,.25,coef,ar_L2,-.2190759183680312,.0082829502909438,0,***
SE2,2016,2016,.5,fit,N,8756,,,
SE2,2016,2016,.5,lbq,L24,439.2218465389082,,6.35965677983e-78,***
SE2,2016,2016,.5,coef,_cons,.0185428837069575,.0105369691062478,.0784429227358658,*
SE2,2016,2016,.5,coef,wind_log,-.00058859692719,.0003985402907924,.1397073074533448,
SE2,2016,2016,.5,coef,hydro_log_ds,-.0009062632743421,.0023119509380601,.6950650828919784,
SE2,2016,2016,.5,coef,consump_log_ds,.0430870532068997,.008930136292798,1.40070491317e-06,***
SE2,2016,2016,.5,coef,oil_log,-.005547064771143,.0028794582167017,.0540511343800616,*
SE2,2016,2016,.5,coef,gas_log,.0025717736186064,.0030321929184691,.3963509138535692,
SE2,2016,2016,.5,coef,netexch_no3,4.49837596615e-06,1.30472656347e-06,.0005652690460021,***
SE2,2016,2016,.5,coef,netexch_no4,.0000138934436385,5.48395285560e-06,.0112938608256394,**
SE2,2016,2016,.5,coef,netexch_se1,8.49299280980e-07,9.03858706563e-07,.3474036784715253,
SE2,2016,2016,.5,coef,netexch_se3,3.29226052089e-07,3.55053657599e-07,.3537930227358528,
SE2,2016,2016,.5,coef,ar_L1,1.141249511376474,.0040775380392563,0,***
SE2,2016,2016,.5,coef,ar_L2,-.1985167000376507,.0045089256310789,0,***
SE2,2016,2016,.75,fit,N,8756,,,
SE2,2016,2016,.75,lbq,L24,481.2551561747792,,1.29016692241e-86,***
SE2,2016,2016,.75,coef,_cons,.02286235288788,.0125218873464772,.0678817053654777,*
SE2,2016,2016,.75,coef,wind_log,.0000317094518953,.0004443405181886,.9431088929493745,
SE2,2016,2016,.75,coef,hydro_log_ds,-.0005637479123201,.0030774021572794,.8546492945470414,
SE2,2016,2016,.75,coef,consump_log_ds,.0299391000862732,.0109981238906412,.0064848753799989,***
SE2,2016,2016,.75,coef,oil_log,-.0112046109831211,.0033574610022342,.0008461867218605,***
SE2,2016,2016,.75,coef,gas_log,.0155296609040877,.0036043192852076,.0000164272475411,***
SE2,2016,2016,.75,coef,netexch_no3,.0000119847609223,1.59438144551e-06,5.61772850460e-14,***
SE2,2016,2016,.75,coef,netexch_no4,-.0000157055575367,6.70191589408e-06,.0191066841954168,**
SE2,2016,2016,.75,coef,netexch_se1,3.75817534145e-06,1.06001514528e-06,.000392021005875,***
SE2,2016,2016,.75,coef,netexch_se3,5.95052622229e-07,4.38771532913e-07,.1750423064201292,
SE2,2016,2016,.75,coef,ar_L1,1.12700552308874,.0078775086511702,0,***
SE2,2016,2016,.75,coef,ar_L2,-.1750618627778473,.0076394955505401,0,***
SE2,2016,2016,.9,fit,N,8756,,,
SE2,2016,2016,.9,lbq,L24,487.1902680191201,,7.58851737324e-88,***
SE2,2016,2016,.9,coef,_cons,.0538972763120741,.0229056192283039,.0186218595167955,**
SE2,2016,2016,.9,coef,wind_log,-.0002634559485508,.0008844608537417,.7658010100818553,
SE2,2016,2016,.9,coef,hydro_log_ds,-.0061848210881139,.0049289105548875,.2095495954277928,
SE2,2016,2016,.9,coef,consump_log_ds,.0772014303340645,.0196398928607821,.0000846468343976,***
SE2,2016,2016,.9,coef,oil_log,-.0189189150736205,.0062633098108002,.0025227951452589,***
SE2,2016,2016,.9,coef,gas_log,.0252102827609807,.006560684727357,.0001217229927009,***
SE2,2016,2016,.9,coef,netexch_no3,.0000254163943855,2.82170952145e-06,0,***
SE2,2016,2016,.9,coef,netexch_no4,-.0000643440962379,.0000113092534736,1.27405384021e-08,***
SE2,2016,2016,.9,coef,netexch_se1,.00001003987599,1.89264834923e-06,1.12876657132e-07,***
SE2,2016,2016,.9,coef,netexch_se3,1.41221002739e-06,7.32390029670e-07,.0538276106203999,*
SE2,2016,2016,.9,coef,ar_L1,1.108744539846487,.0159742370404528,0,***
SE2,2016,2016,.9,coef,ar_L2,-.1791313847202395,.0158483162873279,0,***
SE2,2016,2016,.95,fit,N,8756,,,
SE2,2016,2016,.95,lbq,L24,721.0690444699707,,9.1311203022e-137,***
SE2,2016,2016,.95,coef,_cons,.1274891389617023,.0342321303307385,.000195893834658,***
SE2,2016,2016,.95,coef,wind_log,-.0029083097122818,.0017251629832522,.0918309823118368,*
SE2,2016,2016,.95,coef,hydro_log_ds,-.0039592120149304,.0096653661397154,.6820782911386405,
SE2,2016,2016,.95,coef,consump_log_ds,.1233927384229839,.0281322627844686,.0000115366771316,***
SE2,2016,2016,.95,coef,oil_log,-.0328528717443493,.0099114392380861,.0009176059480351,***
SE2,2016,2016,.95,coef,gas_log,.0324180383199609,.0100113813334597,.0012032085490881,***
SE2,2016,2016,.95,coef,netexch_no3,.0000427115757993,4.84711564688e-06,0,***
SE2,2016,2016,.95,coef,netexch_no4,-.0001166887484608,.0000168108752489,3.88600263079e-12,***
SE2,2016,2016,.95,coef,netexch_se1,.000017321133447,2.89138802661e-06,2.09075246005e-09,***
SE2,2016,2016,.95,coef,netexch_se3,2.79187890698e-06,1.22145840827e-06,.0222722263406046,**
SE2,2016,2016,.95,coef,ar_L1,1.127849336329849,.0248903122972964,0,***
SE2,2016,2016,.95,coef,ar_L2,-.2080889079599208,.0245647774546237,0,***
SE2,2016,2016,.99,fit,N,8756,,,
SE2,2016,2016,.99,lbq,L24,13431.68180007007,,0,***
SE2,2016,2016,.99,coef,_cons,.6286352126954042,.3048197946078102,.0391775130220269,**
SE2,2016,2016,.99,coef,wind_log,-.0139190442122214,.0078461464920609,.0760635648760577,*
SE2,2016,2016,.99,coef,hydro_log_ds,-.0637766709881537,.0600457468565632,.2881745416845107,
SE2,2016,2016,.99,coef,consump_log_ds,.2314898913100815,.2021309152636104,.2521067166956117,
SE2,2016,2016,.99,coef,oil_log,-.2262910835989912,.0894750905722871,.0114356780069689,**
SE2,2016,2016,.99,coef,gas_log,.1785619519476612,.0568180853990552,.0016739977613338,***
SE2,2016,2016,.99,coef,netexch_no3,.0000778515205172,.0000270728833674,.0040322560686963,***
SE2,2016,2016,.99,coef,netexch_no4,-.0003971789564251,.0001268067857806,.0017352614734747,***
SE2,2016,2016,.99,coef,netexch_se1,.000028033412386,.0000200679581921,.16243642724424,
SE2,2016,2016,.99,coef,netexch_se3,1.29564740939e-06,6.70040998137e-06,.8466704788166053,
SE2,2016,2016,.99,coef,ar_L1,1.206627691110419,.1323132781188994,0,***
SE2,2016,2016,.99,coef,ar_L2,-.3565103996450427,.1313570385451737,.0066464866980123,***
SE2,2017,2017,.1,fit,N,8732,,,
SE2,2017,2017,.1,lbq,L24,1086.141152314526,,4.3508989562e-214,***
SE2,2017,2017,.1,coef,_cons,-.0070634621860329,.0622465475989454,.9096535338878311,
SE2,2017,2017,.1,coef,wind_log,-.0023115281430499,.0010751071986115,.031551707961978,**
SE2,2017,2017,.1,coef,hydro_log_ds,-.015256390960722,.0070468990870395,.0303892671897992,**
SE2,2017,2017,.1,coef,consump_log_ds,.0467643197563054,.0192216816148029,.0149786725348497,**
SE2,2017,2017,.1,coef,oil_log,-.0528843661944057,.0212276840603113,.0127279354160437,**
SE2,2017,2017,.1,coef,gas_log,.0603861306916542,.0122965758139471,9.07015723861e-07,***
SE2,2017,2017,.1,coef,netexch_no3,-1.89436475192e-06,4.10833718493e-06,.6447250323855724,
SE2,2017,2017,.1,coef,netexch_no4,.0001080268181372,.0000138391891421,5.99520433298e-15,***
SE2,2017,2017,.1,coef,netexch_se1,-2.63863980340e-06,2.67415273035e-06,.3237799553845013,
SE2,2017,2017,.1,coef,netexch_se3,-5.17981874936e-07,1.29152088833e-06,.6883733802553351,
SE2,2017,2017,.1,coef,ar_L1,1.096912085611607,.0101788461711893,0,***
SE2,2017,2017,.1,coef,ar_L2,-.2221356028047591,.0093780179978245,0,***
SE2,2017,2017,.25,fit,N,8732,,,
SE2,2017,2017,.25,lbq,L24,418.5415424551823,,1.16098626644e-73,***
SE2,2017,2017,.25,coef,_cons,.0563027475538113,.0380866314999537,.1393325539992702,
SE2,2017,2017,.25,coef,wind_log,-.001469236120032,.0006751348790715,.0295394679880199,**
SE2,2017,2017,.25,coef,hydro_log_ds,-.0020535414380193,.0043141587077335,.6340740652765073,
SE2,2017,2017,.25,coef,consump_log_ds,.0313243437517092,.0114782554360191,.006352360470864,***
SE2,2017,2017,.25,coef,oil_log,-.0374017137531795,.01341344707234,.0052973267853891,***
SE2,2017,2017,.25,coef,gas_log,.0264692228713243,.0078063953593478,.00069711821803,***
SE2,2017,2017,.25,coef,netexch_no3,-2.95460001382e-06,2.30720502533e-06,.2003352268746523,
SE2,2017,2017,.25,coef,netexch_no4,.0000499382579215,7.61806542822e-06,5.55520074386e-11,***
SE2,2017,2017,.25,coef,netexch_se1,1.35600794415e-06,1.65226254165e-06,.4118185238351439,
SE2,2017,2017,.25,coef,netexch_se3,8.73361122191e-08,7.59548600815e-07,.9084576205076436,
SE2,2017,2017,.25,coef,ar_L1,1.158045871577301,.0105476282573705,0,***
SE2,2017,2017,.25,coef,ar_L2,-.2351701439431845,.0105894672284701,0,***
SE2,2017,2017,.5,fit,N,8732,,,
SE2,2017,2017,.5,lbq,L24,438.388126829249,,9.45018002642e-78,***
SE2,2017,2017,.5,coef,_cons,.0611748072894517,.0247012942949147,.0132646752600334,**
SE2,2017,2017,.5,coef,wind_log,-.0006715661550714,.0004615061198612,.1456244261660213,
SE2,2017,2017,.5,coef,hydro_log_ds,-.0012550360239757,.0027854027182304,.6522950615600194,
SE2,2017,2017,.5,coef,consump_log_ds,.0346110575210735,.0072019786620039,1.54156555254e-06,***
SE2,2017,2017,.5,coef,oil_log,-.0148380414633695,.008859057507359,.0939537197493969,*
SE2,2017,2017,.5,coef,gas_log,.0013739019222332,.0051110319802668,.7880750821784679,
SE2,2017,2017,.5,coef,netexch_no3,1.67174458976e-06,1.45806240113e-06,.2515667596933726,
SE2,2017,2017,.5,coef,netexch_no4,.0000173926379807,4.57038102378e-06,.0001415113842136,***
SE2,2017,2017,.5,coef,netexch_se1,3.98994116319e-06,1.07981340922e-06,.0002198622514056,***
SE2,2017,2017,.5,coef,netexch_se3,1.41155129324e-06,4.85966719077e-07,.003676928356765,***
SE2,2017,2017,.5,coef,ar_L1,1.16594959497766,.0061994034393741,0,***
SE2,2017,2017,.5,coef,ar_L2,-.2239600061324592,.0060300741041684,0,***
SE2,2017,2017,.75,fit,N,8732,,,
SE2,2017,2017,.75,lbq,L24,456.6443657401311,,1.60381113929e-81,***
SE2,2017,2017,.75,coef,_cons,.1103833830299622,.0299287215133068,.0002258380274782,***
SE2,2017,2017,.75,coef,wind_log,-.0006761965299844,.0005618803046979,.2288010745002873,
SE2,2017,2017,.75,coef,hydro_log_ds,-.0017266240716002,.0028862697375494,.5496931968839458,
SE2,2017,2017,.75,coef,consump_log_ds,.0515158439162952,.0082547618008893,4.35498304086e-10,***
SE2,2017,2017,.75,coef,oil_log,-.0074358586175716,.0110281631567,.5001454921438111,
SE2,2017,2017,.75,coef,gas_log,-.0187636303933221,.0067378667738548,.0053560282666907,***
SE2,2017,2017,.75,coef,netexch_no3,9.43460288266e-06,1.66664592609e-06,1.50640693253e-08,***
SE2,2017,2017,.75,coef,netexch_no4,-.0000133594005291,4.71138694681e-06,.0045746024575526,***
SE2,2017,2017,.75,coef,netexch_se1,4.96544312981e-06,1.25647092345e-06,.0000775342536661,***
SE2,2017,2017,.75,coef,netexch_se3,1.38179117447e-06,5.51811952250e-07,.0122764044845116,**
SE2,2017,2017,.75,coef,ar_L1,1.154554805338573,.0082843685410297,0,***
SE2,2017,2017,.75,coef,ar_L2,-.2048646479964714,.0082037587836346,0,***
SE2,2017,2017,.9,fit,N,8732,,,
SE2,2017,2017,.9,lbq,L24,571.1197243548913,,2.5789202220e-105,***
SE2,2017,2017,.9,coef,_cons,.1012171376527069,.0687559582089129,.1409880182834282,
SE2,2017,2017,.9,coef,wind_log,-.0013469163312943,.0012582873703124,.2844230193553803,
SE2,2017,2017,.9,coef,hydro_log_ds,-.0076680698840513,.0069729917014614,.2714709236461723,
SE2,2017,2017,.9,coef,consump_log_ds,.0979263166909311,.0195822436568501,5.71014960427e-07,***
SE2,2017,2017,.9,coef,oil_log,.0107742092169388,.0252227755948567,.6692613962273544,
SE2,2017,2017,.9,coef,gas_log,-.0279663699224385,.0154615545537968,.0704870052569486,*
SE2,2017,2017,.9,coef,netexch_no3,.0000222717816065,3.89844125948e-06,1.11003906067e-08,***
SE2,2017,2017,.9,coef,netexch_no4,-.0000597006190341,.000013412285501,8.53961001157e-06,***
SE2,2017,2017,.9,coef,netexch_se1,.0000103860904513,2.80169953012e-06,.0002096727239771,***
SE2,2017,2017,.9,coef,netexch_se3,3.03096385800e-06,1.29126668236e-06,.0189110609944063,**
SE2,2017,2017,.9,coef,ar_L1,1.119335168689523,.0192537154955056,0,***
SE2,2017,2017,.9,coef,ar_L2,-.1992458081184661,.0189734859116518,0,***
SE2,2017,2017,.95,fit,N,8732,,,
SE2,2017,2017,.95,lbq,L24,1093.398996295893,,1.2425539567e-215,***
SE2,2017,2017,.95,coef,_cons,-.1383764620393955,.1165754826683394,.2352230049288344,
SE2,2017,2017,.95,coef,wind_log,-.0023293580263162,.001929447547772,.2273294002149928,
SE2,2017,2017,.95,coef,hydro_log_ds,-.006474707271224,.0096008166261648,.5000625680634567,
SE2,2017,2017,.95,coef,consump_log_ds,.186368319606762,.0323361375833024,8.24024981583e-09,***
SE2,2017,2017,.95,coef,oil_log,.0954744421299549,.0411537792164538,.0203439345826124,**
SE2,2017,2017,.95,coef,gas_log,-.0490339963959231,.0254590731393179,.0541052491597345,*
SE2,2017,2017,.95,coef,netexch_no3,.0000284763321038,6.67287927384e-06,.0000197699693889,***
SE2,2017,2017,.95,coef,netexch_no4,-.000128537496631,.0000263845649963,1.10646088824e-06,***
SE2,2017,2017,.95,coef,netexch_se1,.0000148113346951,4.83332394768e-06,.002180924759462,***
SE2,2017,2017,.95,coef,netexch_se3,3.83285750325e-06,2.18778115947e-06,.0797844259148077,*
SE2,2017,2017,.95,coef,ar_L1,1.123619430600568,.0238889190368901,0,***
SE2,2017,2017,.95,coef,ar_L2,-.2155448304383717,.0266529581292196,6.66133814775e-16,***
SE2,2017,2017,.99,fit,N,8732,,,
SE2,2017,2017,.99,lbq,L24,19379.06176413162,,0,***
SE2,2017,2017,.99,coef,_cons,-.2299531069703994,.421110303256749,.5850220585529828,
SE2,2017,2017,.99,coef,wind_log,-.0127547263841685,.0068437797769416,.0623643789263661,*
SE2,2017,2017,.99,coef,hydro_log_ds,-.0040769155760741,.0200417652154839,.8388060007960265,
SE2,2017,2017,.99,coef,consump_log_ds,.4546330181082411,.112722250727285,.0000550190111404,***
SE2,2017,2017,.99,coef,oil_log,-.0526291698212969,.147141695958345,.7205852027293562,
SE2,2017,2017,.99,coef,gas_log,.2402590625052199,.1080916251202838,.0262336592847479,**
SE2,2017,2017,.99,coef,netexch_no3,.0000365648141786,.0000184749773273,.0477987378260543,**
SE2,2017,2017,.99,coef,netexch_no4,-.0002581091647371,.0000948240979269,.0064892345721901,***
SE2,2017,2017,.99,coef,netexch_se1,.0000261207360771,.000015676882065,.095674663270785,*
SE2,2017,2017,.99,coef,netexch_se3,3.87696720768e-06,6.45569099568e-06,.548139544568931,
SE2,2017,2017,.99,coef,ar_L1,.9706234920033743,.1115393460508317,0,***
SE2,2017,2017,.99,coef,ar_L2,-.1967999175514521,.1069886883218327,.0658496097227359,*
SE2,2018,2018,.1,fit,N,8732,,,
SE2,2018,2018,.1,lbq,L24,1620.83954926712,,0,***
SE2,2018,2018,.1,coef,_cons,.3267650610139618,.0390173839403773,0,***
SE2,2018,2018,.1,coef,wind_log,-.0006175632995472,.0008691167218775,.4773542833447257,
SE2,2018,2018,.1,coef,hydro_log_ds,.0207202128218854,.0088317934032161,.0189713492691959,**
SE2,2018,2018,.1,coef,consump_log_ds,.0044794256903475,.0085587154567569,.6007126686728577,
SE2,2018,2018,.1,coef,oil_log,-.0910092130869425,.0066279566785717,0,***
SE2,2018,2018,.1,coef,gas_log,.0119577137944511,.0068717557623308,.0818370764739134,*
SE2,2018,2018,.1,coef,netexch_no3,.0000184907898423,2.42580801056e-06,2.48689957516e-14,***
SE2,2018,2018,.1,coef,netexch_no4,.0001460907283967,.0000113443022278,0,***
SE2,2018,2018,.1,coef,netexch_se1,.0000174990178918,1.91682553745e-06,0,***
SE2,2018,2018,.1,coef,netexch_se3,.0000128769842406,8.11667682462e-07,0,***
SE2,2018,2018,.1,coef,ar_L1,1.116687138764463,.0172246974028602,0,***
SE2,2018,2018,.1,coef,ar_L2,-.2293381922301352,.0174497490213421,0,***
SE2,2018,2018,.25,fit,N,8732,,,
SE2,2018,2018,.25,lbq,L24,605.4890272459357,,1.6843391427e-112,***
SE2,2018,2018,.25,coef,_cons,.1170565169698438,.025413026670974,4.10168954446e-06,***
SE2,2018,2018,.25,coef,wind_log,-.001546446288257,.0005063208863155,.0022560062334376,***
SE2,2018,2018,.25,coef,hydro_log_ds,.0044609977254982,.0047156342868757,.344147754456011,
SE2,2018,2018,.25,coef,consump_log_ds,.0041289939271373,.0062236526757581,.5070514906167622,
SE2,2018,2018,.25,coef,oil_log,-.0289027133590034,.0048734191355011,3.01673619418e-09,***
SE2,2018,2018,.25,coef,gas_log,.0006232834122006,.0040680341134045,.8782288132689229,
SE2,2018,2018,.25,coef,netexch_no3,4.32017317344e-06,1.69212043605e-06,.0106765125390378,**
SE2,2018,2018,.25,coef,netexch_no4,.0000441614915798,6.31539487493e-06,2.69695377142e-12,***
SE2,2018,2018,.25,coef,netexch_se1,7.27434545078e-06,1.13590350855e-06,1.51341161825e-10,***
SE2,2018,2018,.25,coef,netexch_se3,3.90123205207e-06,4.48998933614e-07,0,***
SE2,2018,2018,.25,coef,ar_L1,1.157938626797879,.0080291734997596,0,***
SE2,2018,2018,.25,coef,ar_L2,-.2280198796443939,.0082628189011398,0,***
SE2,2018,2018,.5,fit,N,8732,,,
SE2,2018,2018,.5,lbq,L24,629.0094777422951,,1.9974733659e-117,***
SE2,2018,2018,.5,coef,_cons,-.0000167279753257,.0163049922410539,.9991814169116331,
SE2,2018,2018,.5,coef,wind_log,-.0015413580703397,.0003623830144964,.0000210553771518,***
SE2,2018,2018,.5,coef,hydro_log_ds,.0011955219252526,.0026136646407171,.6473748432362916,
SE2,2018,2018,.5,coef,consump_log_ds,.0055143199577038,.0043961989103661,.2097191271626755,
SE2,2018,2018,.5,coef,oil_log,.0020796468025357,.002907681503651,.4744699599672932,
SE2,2018,2018,.5,coef,gas_log,.0001840227700069,.0027632637053665,.9469031976043198,
SE2,2018,2018,.5,coef,netexch_no3,7.54645804194e-07,1.19379289030e-06,.5272945421793354,
SE2,2018,2018,.5,coef,netexch_no4,-4.34707153175e-06,4.53215880997e-06,.3374774713196864,
SE2,2018,2018,.5,coef,netexch_se1,2.85928155736e-06,8.13028395561e-07,.0004367356136963,***
SE2,2018,2018,.5,coef,netexch_se3,-1.07759660660e-07,3.27106644731e-07,.7418285728559213,
SE2,2018,2018,.5,coef,ar_L1,1.195736111795407,.0052991378229558,0,***
SE2,2018,2018,.5,coef,ar_L2,-.242040715586959,.0054566476228186,0,***
SE2,2018,2018,.75,fit,N,8732,,,
SE2,2018,2018,.75,lbq,L24,663.4397214474229,,1.1962581931e-124,***
SE2,2018,2018,.75,coef,_cons,-.1235159479943797,.0234652180548829,1.41116682784e-07,***
SE2,2018,2018,.75,coef,wind_log,-.0019416561430406,.0005017695583396,.000109006344599,***
SE2,2018,2018,.75,coef,hydro_log_ds,-.0055134444783685,.0036614462637377,.1321158096201958,
SE2,2018,2018,.75,coef,consump_log_ds,.0107172320601403,.0060721971540061,.0775691884116747,*
SE2,2018,2018,.75,coef,oil_log,.0290252108287265,.0042405663706015,7.66608998504e-12,***
SE2,2018,2018,.75,coef,gas_log,.0082127926911067,.0038177036675481,.0314573470214292,**
SE2,2018,2018,.75,coef,netexch_no3,-3.25846848761e-06,1.71960202490e-06,.0581060664782438,*
SE2,2018,2018,.75,coef,netexch_no4,-.0000425108988016,6.41693392303e-06,3.47719630867e-11,***
SE2,2018,2018,.75,coef,netexch_se1,9.90659014021e-07,1.12452135591e-06,.3783391429579597,
SE2,2018,2018,.75,coef,netexch_se3,-3.05074125530e-06,4.66499613689e-07,6.16655615460e-11,***
SE2,2018,2018,.75,coef,ar_L1,1.19252140583886,.0084915684994378,0,***
SE2,2018,2018,.75,coef,ar_L2,-.2232990339542795,.0083804154142373,0,***
SE2,2018,2018,.9,fit,N,8732,,,
SE2,2018,2018,.9,lbq,L24,662.5413490159531,,1.8469314755e-124,***
SE2,2018,2018,.9,coef,_cons,-.2264714180827989,.0546897297503115,.0000345760578726,***
SE2,2018,2018,.9,coef,wind_log,-.0045591303390222,.0010769278453772,.0000230123715164,***
SE2,2018,2018,.9,coef,hydro_log_ds,-.0105402901653173,.009300740623172,.2570990877437822,
SE2,2018,2018,.9,coef,consump_log_ds,.0348884576178821,.0131036942183187,.0077564825049252,***
SE2,2018,2018,.9,coef,oil_log,.0679644461724952,.0097298310460275,2.84527956751e-12,***
SE2,2018,2018,.9,coef,gas_log,.0002834143711178,.0087834813192023,.9742593272925248,
SE2,2018,2018,.9,coef,netexch_no3,-4.31937425094e-06,3.74459762862e-06,.2487073114491398,
SE2,2018,2018,.9,coef,netexch_no4,-.0001449138006456,.0000143644079883,0,***
SE2,2018,2018,.9,coef,netexch_se1,-1.28717020954e-06,2.56909716395e-06,.6163567328168571,
SE2,2018,2018,.9,coef,netexch_se3,-7.28156973399e-06,8.93365225762e-07,4.44089209850e-16,***
SE2,2018,2018,.9,coef,ar_L1,1.237904028049352,.0212309666664464,0,***
SE2,2018,2018,.9,coef,ar_L2,-.2822178849680666,.0208527262354449,0,***
SE2,2018,2018,.95,fit,N,8732,,,
SE2,2018,2018,.95,lbq,L24,2970.451642995536,,0,***
SE2,2018,2018,.95,coef,_cons,-.6544678207002613,.0854165462514037,1.82076576039e-14,***
SE2,2018,2018,.95,coef,wind_log,-.0106555188416149,.0018343128908635,6.28480600895e-09,***
SE2,2018,2018,.95,coef,hydro_log_ds,-.0265373809030421,.0149321972435693,.0755366616499702,*
SE2,2018,2018,.95,coef,consump_log_ds,.0731503287995196,.022492196083821,.0011449376188217,***
SE2,2018,2018,.95,coef,oil_log,.1436243458515704,.0166826809675278,0,***
SE2,2018,2018,.95,coef,gas_log,.0492300720238787,.0142611821485553,.000556379584429,***
SE2,2018,2018,.95,coef,netexch_no3,-.0000311485612085,5.50650076772e-06,1.54321206924e-08,***
SE2,2018,2018,.95,coef,netexch_no4,-.000193681944301,.0000226601793798,0,***
SE2,2018,2018,.95,coef,netexch_se1,-9.93119945711e-06,3.95878353732e-06,.0121193748611106,**
SE2,2018,2018,.95,coef,netexch_se3,-.0000169417851511,1.52206231229e-06,0,***
SE2,2018,2018,.95,coef,ar_L1,1.240433220766756,.0335845133729659,0,***
SE2,2018,2018,.95,coef,ar_L2,-.3015820736686579,.0330558781431868,0,***
SE2,2018,2018,.99,fit,N,8732,,,
SE2,2018,2018,.99,lbq,L24,39369.41892975591,,0,***
SE2,2018,2018,.99,coef,_cons,-1.374882230263067,.2754155647972518,5.97485691589e-07,***
SE2,2018,2018,.99,coef,wind_log,-.0219292078399598,.0052769694346345,.0000324372171081,***
SE2,2018,2018,.99,coef,hydro_log_ds,.0160621036754431,.0325096811677553,.6212557555774432,
SE2,2018,2018,.99,coef,consump_log_ds,.2488152250454402,.0772226441230888,.0012727689593734,***
SE2,2018,2018,.99,coef,oil_log,.2729882820314216,.0569739398351201,1.65573071875e-06,***
SE2,2018,2018,.99,coef,gas_log,.1376978761335808,.0380537403572885,.0002963029659999,***
SE2,2018,2018,.99,coef,netexch_no3,-.0000794114429436,.0000226523041518,.0004554640810717,***
SE2,2018,2018,.99,coef,netexch_no4,-.0003931173968312,.0000640128063019,8.18846768169e-10,***
SE2,2018,2018,.99,coef,netexch_se1,-.0000214923493515,.0000143040648201,.1329591525563443,
SE2,2018,2018,.99,coef,netexch_se3,-.0000416715905774,6.11971803327e-06,9.80082681679e-12,***
SE2,2018,2018,.99,coef,ar_L1,1.059987854869905,.0734424726251413,0,***
SE2,2018,2018,.99,coef,ar_L2,-.2869028256359587,.0807143773865649,.0003786347982393,***
SE2,2019,2019,.1,fit,N,8732,,,
SE2,2019,2019,.1,lbq,L24,524.3038639673729,,1.48023927090e-95,***
SE2,2019,2019,.1,coef,_cons,.0120322966957706,.0945756998499899,.8987631283968511,
SE2,2019,2019,.1,coef,wind_log,-.0024690661379304,.0011983766866923,.0393658320331218,**
SE2,2019,2019,.1,coef,hydro_log_ds,-.0084650571469158,.0092375915000809,.3594725567759693,
SE2,2019,2019,.1,coef,consump_log_ds,.0223602638377613,.0116719483524493,.0553998839904246,*
SE2,2019,2019,.1,coef,oil_log,-.0111704503929043,.0207524193395233,.5903891416388229,
SE2,2019,2019,.1,coef,gas_log,.0009351201261891,.0059535355963586,.875189906961279,
SE2,2019,2019,.1,coef,netexch_no3,.0000254142254956,4.43618093580e-06,1.01112362927e-08,***
SE2,2019,2019,.1,coef,netexch_no4,.0000509125652094,.0000164046604404,.0019121859785518,***
SE2,2019,2019,.1,coef,netexch_se1,.0000302243541298,2.85094494814e-06,0,***
SE2,2019,2019,.1,coef,netexch_se3,8.29836790908e-06,1.49358305303e-06,2.76005214239e-08,***
SE2,2019,2019,.1,coef,ar_L1,.9849746059886664,.0066789792338638,0,***
SE2,2019,2019,.1,coef,ar_L2,-.0913875970125454,.0088840177735572,0,***
SE2,2019,2019,.25,fit,N,8732,,,
SE2,2019,2019,.25,lbq,L24,510.0313808595232,,1.37480992354e-92,***
SE2,2019,2019,.25,coef,_cons,-.0047107989579399,.0559947357355303,.9329536144628965,
SE2,2019,2019,.25,coef,wind_log,-.0015882557152232,.0008218133248232,.0532825996662194,*
SE2,2019,2019,.25,coef,hydro_log_ds,.0080633898165827,.0064885273600266,.2139729006610824,
SE2,2019,2019,.25,coef,consump_log_ds,.020115626220573,.008871149197228,.0233576669998787,**
SE2,2019,2019,.25,coef,oil_log,-.0004276700752526,.0125454778836614,.972805717402851,
SE2,2019,2019,.25,coef,gas_log,-.0012406756371643,.0036956137510553,.7370852491131012,
SE2,2019,2019,.25,coef,netexch_no3,9.68143098746e-06,2.67087155346e-06,.0002891617896879,***
SE2,2019,2019,.25,coef,netexch_no4,.0000117005424187,.0000104793192738,.2641925573267478,
SE2,2019,2019,.25,coef,netexch_se1,.0000181218725658,1.77076677793e-06,0,***
SE2,2019,2019,.25,coef,netexch_se3,4.26023413785e-06,8.46062251335e-07,4.76933599058e-07,***
SE2,2019,2019,.25,coef,ar_L1,1.020233037546856,.0066526620419657,0,***
SE2,2019,2019,.25,coef,ar_L2,-.086908983259533,.0061827030787715,0,***
SE2,2019,2019,.5,fit,N,8732,,,
SE2,2019,2019,.5,lbq,L24,522.3987447739688,,3.68724361280e-95,***
SE2,2019,2019,.5,coef,_cons,.0042671016336854,.0390775270434679,.9130471954397101,
SE2,2019,2019,.5,coef,wind_log,-.0025983751961328,.000519913995924,5.80175628873e-07,***
SE2,2019,2019,.5,coef,hydro_log_ds,.00120275340449,.0048499818532343,.8041411222762695,
SE2,2019,2019,.5,coef,consump_log_ds,.019401316137395,.0062871039056148,.0020294333545741,***
SE2,2019,2019,.5,coef,oil_log,.0043773796602324,.0087590516541813,.6172476160428229,
SE2,2019,2019,.5,coef,gas_log,-.000547299755549,.0025355806098256,.8291063077415557,
SE2,2019,2019,.5,coef,netexch_no3,1.14161304415e-06,1.85463011732e-06,.5381931703729976,
SE2,2019,2019,.5,coef,netexch_no4,-.0000168337413092,6.75243724611e-06,.0126673323606705,**
SE2,2019,2019,.5,coef,netexch_se1,6.55020815067e-06,1.18367432495e-06,3.13379613370e-08,***
SE2,2019,2019,.5,coef,netexch_se3,1.46943998937e-06,5.96474058108e-07,.0137571071799303,**
SE2,2019,2019,.5,coef,ar_L1,1.056823603611839,.0058625230568235,0,***
SE2,2019,2019,.5,coef,ar_L2,-.1120065124823918,.0058270231327139,0,***
SE2,2019,2019,.75,fit,N,8732,,,
SE2,2019,2019,.75,lbq,L24,507.9450006888159,,3.73071276156e-92,***
SE2,2019,2019,.75,coef,_cons,-.010659443548188,.0564009284436281,.8500974293366843,
SE2,2019,2019,.75,coef,wind_log,-.0025444636661133,.0007989746423182,.0014492349271931,***
SE2,2019,2019,.75,coef,hydro_log_ds,-.0005899604540858,.0062779248396937,.9251299690864387,
SE2,2019,2019,.75,coef,consump_log_ds,.0374338781300165,.0087387076368341,.0000183822425173,***
SE2,2019,2019,.75,coef,oil_log,.0145698386279508,.0126401147478635,.2490472380871642,
SE2,2019,2019,.75,coef,gas_log,-.0004867946312739,.0037413375979666,.8964774538097533,
SE2,2019,2019,.75,coef,netexch_no3,-3.67656506406e-06,2.64794029859e-06,.1649963414901239,
SE2,2019,2019,.75,coef,netexch_no4,-.0000378727582105,9.94315660877e-06,.000139571122538,***
SE2,2019,2019,.75,coef,netexch_se1,-2.24611486347e-06,1.78384961087e-06,.2079800796195066,
SE2,2019,2019,.75,coef,netexch_se3,3.75083876602e-07,8.76011093613e-07,.6685255223102453,
SE2,2019,2019,.75,coef,ar_L1,1.063510655397046,.0089978951502716,0,***
SE2,2019,2019,.75,coef,ar_L2,-.1147807213118675,.0089269220912836,0,***
SE2,2019,2019,.9,fit,N,8732,,,
SE2,2019,2019,.9,lbq,L24,449.0033147998661,,6.08335119350e-80,***
SE2,2019,2019,.9,coef,_cons,.2823274736494218,.1218854629808801,.0205400251427685,**
SE2,2019,2019,.9,coef,wind_log,-.0072565832584265,.0017280756433236,.000026782679085,***
SE2,2019,2019,.9,coef,hydro_log_ds,-.0065219543417313,.0140820513541311,.6432643724398697,
SE2,2019,2019,.9,coef,consump_log_ds,.0765622543978288,.0196600416767722,.0000984795233008,***
SE2,2019,2019,.9,coef,oil_log,-.0375766173373759,.0277660661991986,.1759506091168066,
SE2,2019,2019,.9,coef,gas_log,-.0134766047540689,.0080076859026821,.0923830844318367,*
SE2,2019,2019,.9,coef,netexch_no3,-.0000338997628191,5.34376073749e-06,2.24162244322e-10,***
SE2,2019,2019,.9,coef,netexch_no4,-.0000679583270015,.0000208668520059,.0011269170828689,***
SE2,2019,2019,.9,coef,netexch_se1,-.0000152694352276,4.00232101320e-06,.0001361029598881,***
SE2,2019,2019,.9,coef,netexch_se3,-6.90933184222e-06,1.83599443434e-06,.0001677099619777,***
SE2,2019,2019,.9,coef,ar_L1,1.102960611147494,.0153525809039272,0,***
SE2,2019,2019,.9,coef,ar_L2,-.1829117358937788,.014842686956415,0,***
SE2,2019,2019,.95,fit,N,8732,,,
SE2,2019,2019,.95,lbq,L24,1287.063009290449,,6.5827381010e-257,***
SE2,2019,2019,.95,coef,_cons,.6050770311119545,.2249310399441895,.0071440089143879,***
SE2,2019,2019,.95,coef,wind_log,-.0111965650469104,.0027155719843503,.000037381317693,***
SE2,2019,2019,.95,coef,hydro_log_ds,.0042614165198905,.0278140315288718,.8782318568254597,
SE2,2019,2019,.95,coef,consump_log_ds,.1224572332932594,.0360981291353284,.0006929764923644,***
SE2,2019,2019,.95,coef,oil_log,-.1010257153559099,.050971272932478,.0474778081281464,**
SE2,2019,2019,.95,coef,gas_log,-.0244018529209168,.0132449332386027,.0654234167641583,*
SE2,2019,2019,.95,coef,netexch_no3,-.0000619825627076,.0000100447505067,6.80131284625e-10,***
SE2,2019,2019,.95,coef,netexch_no4,-.0001080374501563,.0000345828196977,.0017839780845941,***
SE2,2019,2019,.95,coef,netexch_se1,-.0000309369014289,7.02008824795e-06,.0000104855432079,***
SE2,2019,2019,.95,coef,netexch_se3,-.0000158499014222,3.38821502943e-06,2.89756789162e-06,***
SE2,2019,2019,.95,coef,ar_L1,1.104923126723948,.033740553095477,0,***
SE2,2019,2019,.95,coef,ar_L2,-.2327703602119771,.0328024603344458,1.28297372726e-12,***
SE2,2019,2019,.99,fit,N,8732,,,
SE2,2019,2019,.99,lbq,L24,31531.7821654926,,0,***
SE2,2019,2019,.99,coef,_cons,1.920310477211679,.8146810838906299,.0184167219052933,**
SE2,2019,2019,.99,coef,wind_log,-.0227298669155994,.0102040946403525,.0259122657508459,**
SE2,2019,2019,.99,coef,hydro_log_ds,.0869675082754405,.1142293349304611,.4464532493768147,
SE2,2019,2019,.99,coef,consump_log_ds,.3244879015857468,.129387980356716,.0121462228033442,**
SE2,2019,2019,.99,coef,oil_log,-.293533675769802,.1773329378173752,.0978699886932168,*
SE2,2019,2019,.99,coef,gas_log,-.183391299553419,.0520953266663012,.0004310551656113,***
SE2,2019,2019,.99,coef,netexch_no3,-.0001850814350974,.0000381715554515,1.24289373793e-06,***
SE2,2019,2019,.99,coef,netexch_no4,-.0001508207122287,.0001339106423444,.2600475451925774,
SE2,2019,2019,.99,coef,netexch_se1,-.0000886302769002,.0000286301506456,.0019635076748938,***
SE2,2019,2019,.99,coef,netexch_se3,-.000051758228243,.0000127239738968,.0000474647329292,***
SE2,2019,2019,.99,coef,ar_L1,.7546378174102628,.0535804037927568,0,***
SE2,2019,2019,.99,coef,ar_L2,-.0789635212913672,.0622009533869479,.2042661659351372,
SE2,2020,2020,.1,fit,N,8756,,,
SE2,2020,2020,.1,lbq,L24,630.843258031649,,8.2440813133e-118,***
SE2,2020,2020,.1,coef,_cons,-.1357626456812925,.0253765674492532,8.79923554020e-08,***
SE2,2020,2020,.1,coef,wind_log,-.0073704448411494,.0028736937827596,.0103235806693556,**
SE2,2020,2020,.1,coef,hydro_log_ds,.0210653873637945,.0151088900014068,.1632457706502746,
SE2,2020,2020,.1,coef,consump_log_ds,.0768425494468838,.0248603689772972,.0019950663409836,***
SE2,2020,2020,.1,coef,oil_log,-.0088031637872111,.0058527762674977,.1325554882125823,
SE2,2020,2020,.1,coef,gas_log,.0030441084913161,.0049147211026488,.5356622295559654,
SE2,2020,2020,.1,coef,netexch_no3,-.00004954012377,5.59748215943e-06,0,***
SE2,2020,2020,.1,coef,netexch_no4,.0000823237321695,.0000202475635461,.0000478559280706,***
SE2,2020,2020,.1,coef,netexch_se1,-4.67747540298e-06,3.50140218150e-06,.1815864210354043,
SE2,2020,2020,.1,coef,netexch_se3,-.000025786623217,2.46459971066e-06,0,***
SE2,2020,2020,.1,coef,ar_L1,1.107930323173791,.0177622254418128,0,***
SE2,2020,2020,.1,coef,ar_L2,-.1690148918547333,.0176366875590609,0,***
SE2,2020,2020,.25,fit,N,8756,,,
SE2,2020,2020,.25,lbq,L24,224.6005667690522,,1.68249974593e-34,***
SE2,2020,2020,.25,coef,_cons,-.0622844770980753,.0135758150024148,4.47727718855e-06,***
SE2,2020,2020,.25,coef,wind_log,-.0026781940805328,.0015315661829396,.0803491804104539,*
SE2,2020,2020,.25,coef,hydro_log_ds,.0077091989247871,.0099156182279854,.4368753879158285,
SE2,2020,2020,.25,coef,consump_log_ds,.036117569994612,.0147305496862522,.014211124602449,**
SE2,2020,2020,.25,coef,oil_log,.0009456766476182,.003363459949372,.778586258229107,
SE2,2020,2020,.25,coef,gas_log,-.0011076841617539,.0028561241235254,.6981435161620131,
SE2,2020,2020,.25,coef,netexch_no3,-.0000274150884482,3.41161238876e-06,8.88178419700e-16,***
SE2,2020,2020,.25,coef,netexch_no4,.0000357029583361,.0000131350245331,.0065648199158925,***
SE2,2020,2020,.25,coef,netexch_se1,1.91903269137e-06,2.21300012072e-06,.3858524911283947,
SE2,2020,2020,.25,coef,netexch_se3,-9.07269281004e-06,1.31530658095e-06,5.28221910656e-12,***
SE2,2020,2020,.25,coef,ar_L1,1.147304920893844,.0074535548316651,0,***
SE2,2020,2020,.25,coef,ar_L2,-.1802402475907858,.0070664726286193,0,***
SE2,2020,2020,.5,fit,N,8756,,,
SE2,2020,2020,.5,lbq,L24,281.3016537618752,,9.54155155546e-46,***
SE2,2020,2020,.5,coef,_cons,.0048120824152611,.0091662724607441,.5995991648751833,
SE2,2020,2020,.5,coef,wind_log,-.0019093484469466,.0010607042890211,.0718486217761161,*
SE2,2020,2020,.5,coef,hydro_log_ds,.0039568901698949,.0061017101195478,.5166689058359251,
SE2,2020,2020,.5,coef,consump_log_ds,.0261155212802163,.0092997257376649,.004981875259612,***
SE2,2020,2020,.5,coef,oil_log,.0008579488720926,.0021950004588467,.695897020015442,
SE2,2020,2020,.5,coef,gas_log,-.0011182894102129,.0019362493236398,.5635649681766493,
SE2,2020,2020,.5,coef,netexch_no3,-1.25010478125e-06,2.35946575468e-06,.5962330239132205,
SE2,2020,2020,.5,coef,netexch_no4,7.44630944352e-07,8.24606717224e-06,.9280477525459072,
SE2,2020,2020,.5,coef,netexch_se1,1.63804340056e-06,1.52157383341e-06,.2816833817426732,
SE2,2020,2020,.5,coef,netexch_se3,-1.71522681624e-06,8.59843666790e-07,.0460633434654341,**
SE2,2020,2020,.5,coef,ar_L1,1.140512139361123,.0058328704874941,0,***
SE2,2020,2020,.5,coef,ar_L2,-.1580638513912381,.0057517787367633,0,***
SE2,2020,2020,.75,fit,N,8756,,,
SE2,2020,2020,.75,lbq,L24,248.4528628329675,,3.34383959795e-39,***
SE2,2020,2020,.75,coef,_cons,.0694135219550319,.0120621575217211,8.68203264837e-09,***
SE2,2020,2020,.75,coef,wind_log,-.0019020133071368,.0013837868653028,.1692869001840394,
SE2,2020,2020,.75,coef,hydro_log_ds,.0001541893476205,.007920431858931,.9844683305221518,
SE2,2020,2020,.75,coef,consump_log_ds,.0339577989563688,.0119647458166438,.0045375192228172,***
SE2,2020,2020,.75,coef,oil_log,-.0011095961505491,.003005826851894,.7120171201772725,
SE2,2020,2020,.75,coef,gas_log,.0055818576333911,.0026616743041341,.035982713996116,**
SE2,2020,2020,.75,coef,netexch_no3,.000014832009015,3.17843843739e-06,3.06455222288e-06,***
SE2,2020,2020,.75,coef,netexch_no4,5.86326798157e-06,.0000113820288287,.6064595115510902,
SE2,2020,2020,.75,coef,netexch_se1,4.18031409787e-06,2.00088299684e-06,.0366866052919548,**
SE2,2020,2020,.75,coef,netexch_se3,6.81723012301e-06,1.17112121336e-06,5.84566683948e-09,***
SE2,2020,2020,.75,coef,ar_L1,1.142885954092577,.0066961022313623,0,***
SE2,2020,2020,.75,coef,ar_L2,-.1629682572740233,.0062957412638357,0,***
SE2,2020,2020,.9,fit,N,8756,,,
SE2,2020,2020,.9,lbq,L24,325.3686025371853,,1.26168912066e-54,***
SE2,2020,2020,.9,coef,_cons,.1866191582486054,.0253231192867821,1.71196390397e-13,***
SE2,2020,2020,.9,coef,wind_log,-.0101198797425266,.00329885973668,.0021572011839575,***
SE2,2020,2020,.9,coef,hydro_log_ds,-.0122724014079632,.0153813639934829,.4249431980224239,
SE2,2020,2020,.9,coef,consump_log_ds,.046807383727847,.0248622183874949,.0597449341879444,*
SE2,2020,2020,.9,coef,oil_log,-.0000170920635656,.0051909606989912,.9973728429514224,
SE2,2020,2020,.9,coef,gas_log,.0183686263971751,.0053930954876706,.0006593367924783,***
SE2,2020,2020,.9,coef,netexch_no3,.0000434032901491,6.13289578194e-06,1.47171164144e-12,***
SE2,2020,2020,.9,coef,netexch_no4,-.0000212028225342,.0000209098461289,.3105773083503904,
SE2,2020,2020,.9,coef,netexch_se1,4.16928569517e-06,3.85063006664e-06,.2789175604659782,
SE2,2020,2020,.9,coef,netexch_se3,.0000169677759619,2.17515922523e-06,6.21724893790e-15,***
SE2,2020,2020,.9,coef,ar_L1,1.139912552620525,.0161802386464617,0,***
SE2,2020,2020,.9,coef,ar_L2,-.1767764416668159,.01574574577559,0,***
SE2,2020,2020,.95,fit,N,8756,,,
SE2,2020,2020,.95,lbq,L24,1887.489529401786,,0,***
SE2,2020,2020,.95,coef,_cons,.3947424472178572,.0615143385787017,1.38912659153e-10,***
SE2,2020,2020,.95,coef,wind_log,-.0336447589889587,.0075124920049325,7.51663926080e-06,***
SE2,2020,2020,.95,coef,hydro_log_ds,.0216303320910731,.0326526905406174,.5076915562666056,
SE2,2020,2020,.95,coef,consump_log_ds,.0387383851473009,.0537659807249929,.4712172451070336,
SE2,2020,2020,.95,coef,oil_log,.0029267900952411,.0120913909913567,.8087370048081226,
SE2,2020,2020,.95,coef,gas_log,.0332443791694095,.0112623760930675,.0031591863700999,***
SE2,2020,2020,.95,coef,netexch_no3,.0000420629897216,.0000115705215186,.0002775947053035,***
SE2,2020,2020,.95,coef,netexch_no4,.0000136731407339,.0000369427528313,.711295318313518,
SE2,2020,2020,.95,coef,netexch_se1,3.80621154656e-06,7.57912915906e-06,.6155293594608102,
SE2,2020,2020,.95,coef,netexch_se3,.0000255377712199,4.02618289558e-06,2.25444996005e-10,***
SE2,2020,2020,.95,coef,ar_L1,1.12505951067743,.0350496674723542,0,***
SE2,2020,2020,.95,coef,ar_L2,-.1838612512962147,.0351953961495209,1.75085289156e-07,***
SE2,2020,2020,.99,fit,N,8756,,,
SE2,2020,2020,.99,lbq,L24,41929.34942983457,,0,***
SE2,2020,2020,.99,coef,_cons,1.194193821837358,.2201639216023575,5.82432775342e-08,***
SE2,2020,2020,.99,coef,wind_log,-.1517532069906458,.02642908499046,9.36191879575e-09,***
SE2,2020,2020,.99,coef,hydro_log_ds,-.1149930122414499,.1409198584210053,.4144903635426282,
SE2,2020,2020,.99,coef,consump_log_ds,.2679692633063112,.1250284317033109,.032091696132019,**
SE2,2020,2020,.99,coef,oil_log,.031875004976238,.0407820185667424,.4344528688237403,
SE2,2020,2020,.99,coef,gas_log,.1219751702650792,.0377162776921708,.0012206120352216,***
SE2,2020,2020,.99,coef,netexch_no3,.0000775322104896,.0000374380027554,.0383635220924918,**
SE2,2020,2020,.99,coef,netexch_no4,.0000520522680626,.0001297522163957,.6882973982186256,
SE2,2020,2020,.99,coef,netexch_se1,-6.93682673813e-06,.0000205876421683,.7361611574346689,
SE2,2020,2020,.99,coef,netexch_se3,.0000457098993326,9.71274448518e-06,2.52404800527e-06,***
SE2,2020,2020,.99,coef,ar_L1,1.169966419045696,.0832513756375028,0,***
SE2,2020,2020,.99,coef,ar_L2,-.3710543550791229,.08615674436823,.0000165681128852,***
SE2,2021,2021,.1,fit,N,8732,,,
SE2,2021,2021,.1,lbq,L24,969.28384486802,,2.9587759248e-189,***
SE2,2021,2021,.1,coef,_cons,-.2074802639753068,.0697970254637828,.002952665912741,***
SE2,2021,2021,.1,coef,wind_log,-.0016740550995909,.0022213041763557,.4510677387774946,
SE2,2021,2021,.1,coef,hydro_log_ds,-.0281067287593411,.0114562173690396,.0141511332208089,**
SE2,2021,2021,.1,coef,consump_log_ds,.0455365680941436,.0204993065420637,.026325833580523,**
SE2,2021,2021,.1,coef,oil_log,.0366794094424872,.0169269117742251,.0302402978607159,**
SE2,2021,2021,.1,coef,gas_log,-.0135290059084617,.0029178329307961,3.54080213616e-06,***
SE2,2021,2021,.1,coef,netexch_no3,.0000338844616101,6.02213567901e-06,1.83740909154e-08,***
SE2,2021,2021,.1,coef,netexch_no4,.00018509866415,.0000397735148368,3.25845836557e-06,***
SE2,2021,2021,.1,coef,netexch_se1,.0000152390987294,3.38449902268e-06,6.71221645332e-06,***
SE2,2021,2021,.1,coef,netexch_se3,1.94555137019e-07,2.49079789931e-06,.9377408997585677,
SE2,2021,2021,.1,coef,ar_L1,1.10879618815156,.0178500418586638,0,***
SE2,2021,2021,.1,coef,ar_L2,-.182220278626947,.0162093447204598,0,***
SE2,2021,2021,.25,fit,N,8732,,,
SE2,2021,2021,.25,lbq,L24,239.5820426219769,,1.89831100050e-37,***
SE2,2021,2021,.25,coef,_cons,-.0862583408092269,.0334392753408642,.0098928638193789,***
SE2,2021,2021,.25,coef,wind_log,-.0026047506226757,.001080808654772,.0159524491306644,**
SE2,2021,2021,.25,coef,hydro_log_ds,-.003428349204083,.0056595640398484,.5446727630158961,
SE2,2021,2021,.25,coef,consump_log_ds,.0167985521500974,.0103112054907051,.103280207003837,
SE2,2021,2021,.25,coef,oil_log,.0198445935365397,.0086949551417442,.0224709735496851,**
SE2,2021,2021,.25,coef,gas_log,-.0046337920968542,.001753471721892,.0082262783208049,***
SE2,2021,2021,.25,coef,netexch_no3,9.06237574861e-06,2.69267134725e-06,.0007638549348765,***
SE2,2021,2021,.25,coef,netexch_no4,.0000608142555992,.0000122542114932,6.95117320815e-07,***
SE2,2021,2021,.25,coef,netexch_se1,6.54352380060e-06,1.52627407392e-06,.0000180895851658,***
SE2,2021,2021,.25,coef,netexch_se3,1.29978699870e-06,9.34662607484e-07,.1643320916690145,
SE2,2021,2021,.25,coef,ar_L1,1.192611369239679,.0047728812174739,0,***
SE2,2021,2021,.25,coef,ar_L2,-.2271429468739762,.0049192898394934,0,***
SE2,2021,2021,.5,fit,N,8732,,,
SE2,2021,2021,.5,lbq,L24,298.3513996347893,,3.60047684930e-49,***
SE2,2021,2021,.5,coef,_cons,.0143946383310105,.0288824849131203,.6182117047309559,
SE2,2021,2021,.5,coef,wind_log,-.0024781474003488,.0008397485592466,.0031668659272117,***
SE2,2021,2021,.5,coef,hydro_log_ds,.0017421142581887,.004678185707301,.7096017531212229,
SE2,2021,2021,.5,coef,consump_log_ds,.0166334049565977,.0079689286451557,.0368626096763203,**
SE2,2021,2021,.5,coef,oil_log,-.0019928887580222,.0073717691234678,.7868982052645832,
SE2,2021,2021,.5,coef,gas_log,.0000693280263275,.0014149514170668,.9609218828666763,
SE2,2021,2021,.5,coef,netexch_no3,-1.12649899993e-06,2.14134368144e-06,.5988388159745255,
SE2,2021,2021,.5,coef,netexch_no4,7.38685161201e-06,9.35112417290e-06,.4295612742613235,
SE2,2021,2021,.5,coef,netexch_se1,1.25738237294e-06,1.16638144065e-06,.2810248873641947,
SE2,2021,2021,.5,coef,netexch_se3,-2.00094669273e-06,7.52689041138e-07,.0078513220677716,***
SE2,2021,2021,.5,coef,ar_L1,1.204165042800914,.0039196939111488,0,***
SE2,2021,2021,.5,coef,ar_L2,-.2173339784345674,.0035137335934738,0,***
SE2,2021,2021,.75,fit,N,8732,,,
SE2,2021,2021,.75,lbq,L24,281.6626429381314,,8.07813966124e-46,***
SE2,2021,2021,.75,coef,_cons,.1316935563308949,.0342854053979731,.0001224858648925,***
SE2,2021,2021,.75,coef,wind_log,-.0045831595715787,.0010272674042169,8.13857100646e-06,***
SE2,2021,2021,.75,coef,hydro_log_ds,-.0002482029915871,.004994503118049,.960365256014001,
SE2,2021,2021,.75,coef,consump_log_ds,.015617114458638,.0084863181931975,.0657286476487229,*
SE2,2021,2021,.75,coef,oil_log,-.0183638020237055,.0085623054035727,.0319747327491375,**
SE2,2021,2021,.75,coef,gas_log,.0034057321364949,.0014197949172322,.0164511713719679,**
SE2,2021,2021,.75,coef,netexch_no3,-8.06812687187e-06,2.32833312753e-06,.0005298483634204,***
SE2,2021,2021,.75,coef,netexch_no4,-.0000153007891279,.0000125602966146,.2231529466115874,
SE2,2021,2021,.75,coef,netexch_se1,-1.82268726960e-06,1.37131958206e-06,.1837990049946643,
SE2,2021,2021,.75,coef,netexch_se3,2.04996171050e-07,1.00751999279e-06,.8387707339771626,
SE2,2021,2021,.75,coef,ar_L1,1.190875326437007,.002842339304538,0,***
SE2,2021,2021,.75,coef,ar_L2,-.2091184575804345,.0024110977003725,0,***
SE2,2021,2021,.9,fit,N,8732,,,
SE2,2021,2021,.9,lbq,L24,275.7918789829079,,1.20858462832e-44,***
SE2,2021,2021,.9,coef,_cons,.3385188461862101,.0836185302817174,.000051575313011,***
SE2,2021,2021,.9,coef,wind_log,-.010846066344367,.0022566406381321,1.53757842858e-06,***
SE2,2021,2021,.9,coef,hydro_log_ds,.0058714322851928,.0092474848738064,.5254792389076373,
SE2,2021,2021,.9,coef,consump_log_ds,.0815881865264447,.0188885812586288,.0000156422136026,***
SE2,2021,2021,.9,coef,oil_log,-.0510292295977528,.021063878025797,.0154101281568737,**
SE2,2021,2021,.9,coef,gas_log,.0155640165132001,.0037266633469334,.0000296165933853,***
SE2,2021,2021,.9,coef,netexch_no3,-.0000151361129477,5.45747781196e-06,.0055463141983909,***
SE2,2021,2021,.9,coef,netexch_no4,-.0000609333247195,.0000293663758186,.0379925476590366,**
SE2,2021,2021,.9,coef,netexch_se1,-.0000125902331445,3.13790053760e-06,.0000601271897378,***
SE2,2021,2021,.9,coef,netexch_se3,2.91223445665e-06,2.27267816492e-06,.2000493955161193,
SE2,2021,2021,.9,coef,ar_L1,1.164632872789558,.0175622544691616,0,***
SE2,2021,2021,.9,coef,ar_L2,-.1962660770889677,.0174642470899921,0,***
SE2,2021,2021,.95,fit,N,8732,,,
SE2,2021,2021,.95,lbq,L24,1255.714779786364,,3.2209150243e-250,***
SE2,2021,2021,.95,coef,_cons,.7983980208410537,.2115458807653562,.000160578083541,***
SE2,2021,2021,.95,coef,wind_log,-.0189950571447265,.0046769627204677,.0000487774910765,***
SE2,2021,2021,.95,coef,hydro_log_ds,.0005709047387306,.022850213556056,.9800672020558585,
SE2,2021,2021,.95,coef,consump_log_ds,.1211006922520936,.0410992153720149,.0032134553965355,***
SE2,2021,2021,.95,coef,oil_log,-.1539611507544619,.054184145160247,.0044909903371246,***
SE2,2021,2021,.95,coef,gas_log,.042729132067916,.0093192663075461,4.53917416632e-06,***
SE2,2021,2021,.95,coef,netexch_no3,-.0000124277315614,.0000108808965339,.2533872603929108,
SE2,2021,2021,.95,coef,netexch_no4,-.0001467402413958,.0000608759406022,.0159315418484471,**
SE2,2021,2021,.95,coef,netexch_se1,-.0000201465442688,5.93438883822e-06,.0006865842084256,***
SE2,2021,2021,.95,coef,netexch_se3,5.15401424203e-06,3.85012893522e-06,.1806813294290843,
SE2,2021,2021,.95,coef,ar_L1,1.173303199659888,.0347864481618731,0,***
SE2,2021,2021,.95,coef,ar_L2,-.2324944933140883,.0332554423774225,2.72604161466e-12,***
SE2,2021,2021,.99,fit,N,8732,,,
SE2,2021,2021,.99,lbq,L24,44110.81759149116,,0,***
SE2,2021,2021,.99,coef,_cons,.4351568503434011,.5618823251279521,.438657272702405,
SE2,2021,2021,.99,coef,wind_log,-.0413977149472166,.0164982104740306,.012099653696364,**
SE2,2021,2021,.99,coef,hydro_log_ds,.0808197465694901,.0570166602930701,.1563438114829607,
SE2,2021,2021,.99,coef,consump_log_ds,.4991772787086957,.088443424265546,1.66115776690e-08,***
SE2,2021,2021,.99,coef,oil_log,-.0681309891484671,.1496312308095754,.6488747270140922,
SE2,2021,2021,.99,coef,gas_log,.1109781167752476,.0329523784211559,.0007576139455674,***
SE2,2021,2021,.99,coef,netexch_no3,-.0001004088738896,.0000401110369568,.0123050604234096,**
SE2,2021,2021,.99,coef,netexch_no4,-.00009207963777,.0001182724464956,.4362516952956843,
SE2,2021,2021,.99,coef,netexch_se1,-.0000300331128305,.0000205407627474,.1437076247121203,
SE2,2021,2021,.99,coef,netexch_se3,-.0000147104325465,.0000127902372372,.2500904286698895,
SE2,2021,2021,.99,coef,ar_L1,1.045829053397173,.098390733081725,0,***
SE2,2021,2021,.99,coef,ar_L2,-.2496105551733482,.1020424868737533,.0144393559609897,**
SE2,2022,2022,.1,fit,N,8732,,,
SE2,2022,2022,.1,lbq,L24,633.3947192224402,,2.4061318292e-118,***
SE2,2022,2022,.1,coef,_cons,.7336108032376054,.1270811468605592,7.79767694858e-09,***
SE2,2022,2022,.1,coef,wind_log,-.031463197175398,.0051244243664479,8.25994161957e-10,***
SE2,2022,2022,.1,coef,hydro_log_ds,.0243797058305293,.0268933917889865,.3646546189280064,
SE2,2022,2022,.1,coef,consump_log_ds,.0718275318090511,.03680786310573,.0510073251622165,*
SE2,2022,2022,.1,coef,oil_log,-.1561948870412071,.0239319188121217,6.72639721699e-11,***
SE2,2022,2022,.1,coef,gas_log,-.0488838355549072,.0089748801302786,5.13014648540e-08,***
SE2,2022,2022,.1,coef,netexch_no3,-.0000142617868174,.0000103860334078,.1696995837816833,
SE2,2022,2022,.1,coef,netexch_no4,.0001089918467574,.0000583631186582,.0618348503549582,*
SE2,2022,2022,.1,coef,netexch_se1,-.0000146900035053,5.27080783645e-06,.0053190317321479,***
SE2,2022,2022,.1,coef,netexch_se3,-.0000481292943261,4.27601906027e-06,0,***
SE2,2022,2022,.1,coef,ar_L1,1.078310592306776,.0189778334726723,0,***
SE2,2022,2022,.1,coef,ar_L2,-.1466447974943052,.0186909989327166,4.21884749358e-15,***
SE2,2022,2022,.25,fit,N,8732,,,
SE2,2022,2022,.25,lbq,L24,121.2633230516619,,5.77611746100e-15,***
SE2,2022,2022,.25,coef,_cons,.3238085944015673,.0677683184490156,1.76897167048e-06,***
SE2,2022,2022,.25,coef,wind_log,-.0158237771511146,.0025521320419924,5.63846969115e-10,***
SE2,2022,2022,.25,coef,hydro_log_ds,.0076881350356784,.0138144547481211,.5778497526945632,
SE2,2022,2022,.25,coef,consump_log_ds,.0435249184820816,.023302042814051,.0617817982791871,*
SE2,2022,2022,.25,coef,oil_log,-.0604750945801718,.0127073881002773,1.94506310680e-06,***
SE2,2022,2022,.25,coef,gas_log,-.0256827483914568,.005016305113233,3.05772742015e-07,***
SE2,2022,2022,.25,coef,netexch_no3,-2.30484127645e-06,5.90657284517e-06,.6963765750385775,
SE2,2022,2022,.25,coef,netexch_no4,.0000244385359726,.0000281756772981,.3857432260613449,
SE2,2022,2022,.25,coef,netexch_se1,-4.78754933168e-06,3.03200308094e-06,.1143348113338229,
SE2,2022,2022,.25,coef,netexch_se3,-.0000209571488238,2.44451826748e-06,0,***
SE2,2022,2022,.25,coef,ar_L1,1.130144168857876,.0101865957686443,0,***
SE2,2022,2022,.25,coef,ar_L2,-.1706592611385555,.0099649560320933,0,***
SE2,2022,2022,.5,fit,N,8732,,,
SE2,2022,2022,.5,lbq,L24,117.227714405877,,3.01604392494e-14,***
SE2,2022,2022,.5,coef,_cons,.0785273448888649,.0468771770918522,.0939004460968713,*
SE2,2022,2022,.5,coef,wind_log,-.0112426338411131,.0018474896532222,1.16232135028e-09,***
SE2,2022,2022,.5,coef,hydro_log_ds,-.0065513617738353,.008636523604977,.4481130071492796,
SE2,2022,2022,.5,coef,consump_log_ds,.051927540342914,.0168104984990635,.0020083503891768,***
SE2,2022,2022,.5,coef,oil_log,-.0051920331024619,.0087274289126082,.5519037574819365,
SE2,2022,2022,.5,coef,gas_log,-.0064479155994033,.003589994857881,.0724818994959535,*
SE2,2022,2022,.5,coef,netexch_no3,1.41088311286e-06,4.14716509035e-06,.7337027316988578,
SE2,2022,2022,.5,coef,netexch_no4,.0000260775823592,.0000180636016653,.1488364584314823,
SE2,2022,2022,.5,coef,netexch_se1,2.76396135864e-06,2.22788956730e-06,.2147466571363856,
SE2,2022,2022,.5,coef,netexch_se3,-8.47311670236e-06,1.55285134984e-06,4.85640654357e-08,***
SE2,2022,2022,.5,coef,ar_L1,1.115941582797185,.0054904504573534,0,***
SE2,2022,2022,.5,coef,ar_L2,-.1418535242645027,.0053297444849721,0,***
SE2,2022,2022,.75,fit,N,8732,,,
SE2,2022,2022,.75,lbq,L24,103.2423471303363,,8.36590785084e-12,***
SE2,2022,2022,.75,coef,_cons,-.0024507323436406,.0667824750265079,.9707264113555214,
SE2,2022,2022,.75,coef,wind_log,-.0150479014610891,.0025962595404723,6.79181999530e-09,***
SE2,2022,2022,.75,coef,hydro_log_ds,-.0259445124421339,.01356050844258,.055717285197747,*
SE2,2022,2022,.75,coef,consump_log_ds,.028202965550447,.0225614477937211,.2112808339452117,
SE2,2022,2022,.75,coef,oil_log,.0187096383694969,.0121823178984992,.1245867441314683,
SE2,2022,2022,.75,coef,gas_log,.0142205188179011,.0051499471331229,.0057572799770864,***
SE2,2022,2022,.75,coef,netexch_no3,.0000168979562523,5.80582387522e-06,.0036082991179351,***
SE2,2022,2022,.75,coef,netexch_no4,-.0000446348615354,.0000310189977366,.1501640068916066,
SE2,2022,2022,.75,coef,netexch_se1,9.84325069253e-06,3.22776377272e-06,.0022917888275962,***
SE2,2022,2022,.75,coef,netexch_se3,-1.20995999878e-06,2.36278885390e-06,.6085881844342702,
SE2,2022,2022,.75,coef,ar_L1,1.113098911700137,.0098738469649137,0,***
SE2,2022,2022,.75,coef,ar_L2,-.1404303995957099,.0097222821771076,0,***
SE2,2022,2022,.9,fit,N,8732,,,
SE2,2022,2022,.9,lbq,L24,311.9639146808009,,6.48776998649e-52,***
SE2,2022,2022,.9,coef,_cons,-.1711818442010641,.0985049194445685,.0822460692900473,*
SE2,2022,2022,.9,coef,wind_log,-.0235463344732757,.0053730413041005,.0000117427376634,***
SE2,2022,2022,.9,coef,hydro_log_ds,-.0325448657390428,.0231177795514113,.1591947119053483,
SE2,2022,2022,.9,coef,consump_log_ds,-.0200687331110966,.0389656140711117,.606527162538244,
SE2,2022,2022,.9,coef,oil_log,.0757723192339951,.0178592950873384,.0000220808655609,***
SE2,2022,2022,.9,coef,gas_log,.0346130219006551,.0083973814807681,.0000375788459537,***
SE2,2022,2022,.9,coef,netexch_no3,.0000394258126166,8.17493550030e-06,1.41580021351e-06,***
SE2,2022,2022,.9,coef,netexch_no4,-.000084806832533,.0000412996825403,.0400289556363405,**
SE2,2022,2022,.9,coef,netexch_se1,.0000334120654899,5.30921693264e-06,3.10948822246e-10,***
SE2,2022,2022,.9,coef,netexch_se3,.0000118060094514,3.55272047271e-06,.0008902622450688,***
SE2,2022,2022,.9,coef,ar_L1,1.105352149214782,.0122714034837947,0,***
SE2,2022,2022,.9,coef,ar_L2,-.1471247652196607,.0114354182179763,0,***
SE2,2022,2022,.95,fit,N,8732,,,
SE2,2022,2022,.95,lbq,L24,4402.506974634786,,0,***
SE2,2022,2022,.95,coef,_cons,-.2182355191378231,.235798924096666,.3546979130757135,
SE2,2022,2022,.95,coef,wind_log,-.0463043121432201,.0108819220396965,.0000208900200434,***
SE2,2022,2022,.95,coef,hydro_log_ds,-.0007349639224836,.037499633851381,.984363078646278,
SE2,2022,2022,.95,coef,consump_log_ds,-.0566952617264202,.0652061797064366,.3845863817272428,
SE2,2022,2022,.95,coef,oil_log,.1100651630249519,.0379401549639449,.0037194967886971,***
SE2,2022,2022,.95,coef,gas_log,.0705325651260804,.0189312512796864,.0001947575393446,***
SE2,2022,2022,.95,coef,netexch_no3,.0000932764922674,.0000170453450012,4.44342200812e-08,***
SE2,2022,2022,.95,coef,netexch_no4,-.0001040154817707,.0001175686197549,.3763068745255878,
SE2,2022,2022,.95,coef,netexch_se1,.00005098722291,.0000105990771366,1.50527453791e-06,***
SE2,2022,2022,.95,coef,netexch_se3,.0000229271149548,7.18988761832e-06,.0014286459271542,***
SE2,2022,2022,.95,coef,ar_L1,1.066651615843892,.0248878684609979,0,***
SE2,2022,2022,.95,coef,ar_L2,-.1547874394792256,.0248153424912877,4.44419834267e-10,***
SE2,2022,2022,.99,fit,N,8732,,,
SE2,2022,2022,.99,lbq,L24,45919.25560258714,,0,***
SE2,2022,2022,.99,coef,_cons,-1.268273551668367,.6629799511334955,.055749422456427,*
SE2,2022,2022,.99,coef,wind_log,-.1476178264225097,.0158134765292485,0,***
SE2,2022,2022,.99,coef,hydro_log_ds,.1040789690518434,.1222993192113038,.3947591403690287,
SE2,2022,2022,.99,coef,consump_log_ds,.2850477691697001,.1421640154516747,.044956341053958,**
SE2,2022,2022,.99,coef,oil_log,.45315607265836,.1198116530439668,.0001554252445577,***
SE2,2022,2022,.99,coef,gas_log,.1806864712064491,.0492759589170605,.0002455777547365,***
SE2,2022,2022,.99,coef,netexch_no3,.000172842130801,.0000359244613088,1.49977431296e-06,***
SE2,2022,2022,.99,coef,netexch_no4,-.0006630067228834,.0003087767646123,.0317770395661796,**
SE2,2022,2022,.99,coef,netexch_se1,.0000685181521114,.0000250755142884,.0062860927316437,***
SE2,2022,2022,.99,coef,netexch_se3,.0000278996739039,.0000129264238106,.0309010683355191,**
SE2,2022,2022,.99,coef,ar_L1,.9495241934920632,.0699732519396581,0,***
SE2,2022,2022,.99,coef,ar_L2,-.107864138795843,.072038987143126,.13431462515508,
SE2,2023,2023,.1,fit,N,8732,,,
SE2,2023,2023,.1,lbq,L24,1344.65917167208,,3.3141561359e-269,***
SE2,2023,2023,.1,coef,_cons,-.433455124595145,.0631028658477245,6.46416253858e-12,***
SE2,2023,2023,.1,coef,wind_log,-.005150820177464,.0013387952511179,.0001194000547069,***
SE2,2023,2023,.1,coef,hydro_log_ds,-.0094171819980318,.0063637808368113,.1389241489028596,
SE2,2023,2023,.1,coef,consump_log_ds,.0594179388936679,.0208823827179542,.0044360972446511,***
SE2,2023,2023,.1,coef,oil_log,.1003434568890158,.0146370949393189,7.11031233891e-12,***
SE2,2023,2023,.1,coef,gas_log,-.0080788237302696,.0043110304055748,.0609319357820939,*
SE2,2023,2023,.1,coef,netexch_no3,.0000108554915,2.72916992258e-06,.0000696202246322,***
SE2,2023,2023,.1,coef,netexch_no4,.0000145931386424,.0000120342470838,.2252697371617371,
SE2,2023,2023,.1,coef,netexch_se1,6.20141978396e-06,1.75789891820e-06,.0004191151018234,***
SE2,2023,2023,.1,coef,netexch_se3,-1.91425660146e-06,1.04818583972e-06,.0678115770818799,*
SE2,2023,2023,.1,coef,ar_L1,1.018108733893183,.0137777716719091,0,***
SE2,2023,2023,.1,coef,ar_L2,-.1057042175996604,.0135606678195097,6.43929354283e-15,***
SE2,2023,2023,.25,fit,N,8732,,,
SE2,2023,2023,.25,lbq,L24,502.5110746369034,,5.01860631991e-91,***
SE2,2023,2023,.25,coef,_cons,-.1950496360066908,.0309145796262045,2.80284018217e-10,***
SE2,2023,2023,.25,coef,wind_log,-.0018307067138497,.0006868924222615,.0076942204930683,***
SE2,2023,2023,.25,coef,hydro_log_ds,-.0087515366951415,.0028609622353549,.0022211518519795,***
SE2,2023,2023,.25,coef,consump_log_ds,.0271825112709009,.0104815937064405,.0095044137834635,***
SE2,2023,2023,.25,coef,oil_log,.045545717403787,.0073579421970349,6.01613425744e-10,***
SE2,2023,2023,.25,coef,gas_log,-.0038782263039645,.0022475258270992,.0844277512784644,*
SE2,2023,2023,.25,coef,netexch_no3,5.90314234177e-06,1.29053000447e-06,4.78043040419e-06,***
SE2,2023,2023,.25,coef,netexch_no4,8.34338068449e-06,6.12633479555e-06,.1732332934616914,
SE2,2023,2023,.25,coef,netexch_se1,4.24216045141e-06,8.57067756958e-07,7.43581896723e-07,***
SE2,2023,2023,.25,coef,netexch_se3,-1.31083184175e-08,5.21548438197e-07,.9799485089263169,
SE2,2023,2023,.25,coef,ar_L1,1.143243588814158,.0081628027742938,0,***
SE2,2023,2023,.25,coef,ar_L2,-.1859337212076066,.0082010284255913,0,***
SE2,2023,2023,.5,fit,N,8732,,,
SE2,2023,2023,.5,lbq,L24,517.4700480682766,,3.90705147084e-94,***
SE2,2023,2023,.5,coef,_cons,-.0165037081887161,.0204510400082295,.4196744021047234,
SE2,2023,2023,.5,coef,wind_log,-.0025695121173581,.0004770836772037,7.20938386767e-08,***
SE2,2023,2023,.5,coef,hydro_log_ds,-.0055423732392271,.0021277147629695,.0091915064950316,***
SE2,2023,2023,.5,coef,consump_log_ds,.0375086969285212,.0071355242017488,1.46731777395e-07,***
SE2,2023,2023,.5,coef,oil_log,.0062168042138096,.004695393054453,.1854957021815782,
SE2,2023,2023,.5,coef,gas_log,.0013409494470213,.0017229252432148,.4363932940534181,
SE2,2023,2023,.5,coef,netexch_no3,1.41624865975e-06,9.25970036277e-07,.1261465612341079,
SE2,2023,2023,.5,coef,netexch_no4,6.35014072546e-06,4.29200642737e-06,.1389994377739006,
SE2,2023,2023,.5,coef,netexch_se1,2.07257660787e-06,6.31809947597e-07,.0010366741738923,***
SE2,2023,2023,.5,coef,netexch_se3,-9.70650418104e-08,3.63549160284e-07,.7894746336080509,
SE2,2023,2023,.5,coef,ar_L1,1.15801272890831,.0068355662519388,0,***
SE2,2023,2023,.5,coef,ar_L2,-.1892517906699555,.0068011904391419,0,***
SE2,2023,2023,.75,fit,N,8732,,,
SE2,2023,2023,.75,lbq,L24,494.3461641060046,,2.48678053077e-89,***
SE2,2023,2023,.75,coef,_cons,.1549775027178773,.0261348085676893,3.03069680463e-09,***
SE2,2023,2023,.75,coef,wind_log,-.0046878922971709,.0005930559193136,2.66453525910e-15,***
SE2,2023,2023,.75,coef,hydro_log_ds,-.0062701506206055,.0021539827302274,.0036032386227689,***
SE2,2023,2023,.75,coef,consump_log_ds,.0453917787037512,.0092020922924203,8.10727762035e-07,***
SE2,2023,2023,.75,coef,oil_log,-.0311700555308055,.0059819843198434,1.88175256932e-07,***
SE2,2023,2023,.75,coef,gas_log,.0086299973317034,.0019824288915719,.0000134137510377,***
SE2,2023,2023,.75,coef,netexch_no3,1.34628899959e-06,1.11498604789e-06,.2272592017756077,
SE2,2023,2023,.75,coef,netexch_no4,8.42442355635e-06,5.37524123282e-06,.117052932030566,
SE2,2023,2023,.75,coef,netexch_se1,3.04885495998e-06,7.41635767443e-07,.0000393971473753,***
SE2,2023,2023,.75,coef,netexch_se3,6.24838861684e-07,4.49267829491e-07,.1642879975695666,
SE2,2023,2023,.75,coef,ar_L1,1.143559324381524,.0083875289559977,0,***
SE2,2023,2023,.75,coef,ar_L2,-.1804298728793597,.0083226552034969,0,***
SE2,2023,2023,.9,fit,N,8732,,,
SE2,2023,2023,.9,lbq,L24,574.9560448699215,,4.0762293560e-106,***
SE2,2023,2023,.9,coef,_cons,.3825193206704163,.0528871654073737,4.73399097700e-13,***
SE2,2023,2023,.9,coef,wind_log,-.0113597974920378,.001339634676536,0,***
SE2,2023,2023,.9,coef,hydro_log_ds,-.0137051140120316,.004771163317749,.0040725229316805,***
SE2,2023,2023,.9,coef,consump_log_ds,.0762431365888268,.0174829011759201,.0000129462442542,***
SE2,2023,2023,.9,coef,oil_log,-.0768686080153675,.0119597231754276,1.29898980461e-10,***
SE2,2023,2023,.9,coef,gas_log,.0207339822304581,.0042005342198885,7.97269707586e-07,***
SE2,2023,2023,.9,coef,netexch_no3,-1.13903507601e-06,2.37319651863e-06,.6312571318259983,
SE2,2023,2023,.9,coef,netexch_no4,7.31317525460e-07,.000010795044312,.9459880922220947,
SE2,2023,2023,.9,coef,netexch_se1,3.09114949756e-06,1.59593525694e-06,.0527589092595724,*
SE2,2023,2023,.9,coef,netexch_se3,1.20849867268e-06,9.68162820897e-07,.2119435148810564,
SE2,2023,2023,.9,coef,ar_L1,1.152230337983589,.0189866025581702,0,***
SE2,2023,2023,.9,coef,ar_L2,-.1973670838758494,.0185825147082782,0,***
SE2,2023,2023,.95,fit,N,8732,,,
SE2,2023,2023,.95,lbq,L24,2713.25976999614,,0,***
SE2,2023,2023,.95,coef,_cons,.6898250264734032,.1353887163625344,3.48475995615e-07,***
SE2,2023,2023,.95,coef,wind_log,-.0190995703503304,.0031667322396838,1.62627422640e-09,***
SE2,2023,2023,.95,coef,hydro_log_ds,-.0228014654301358,.0097822190318094,.0197581421772508,**
SE2,2023,2023,.95,coef,consump_log_ds,.0721302013920027,.0426002658966467,.09041994537786,*
SE2,2023,2023,.95,coef,oil_log,-.1361519102308467,.0305954813601521,8.58439187823e-06,***
SE2,2023,2023,.95,coef,gas_log,.0365002749253869,.0088057055339839,.0000339708388415,***
SE2,2023,2023,.95,coef,netexch_no3,-3.65493913981e-06,5.32615175190e-06,.4925711577775489,
SE2,2023,2023,.95,coef,netexch_no4,.0000289029854141,.0000248559598178,.2449028964588424,
SE2,2023,2023,.95,coef,netexch_se1,3.51475220554e-06,3.29667655811e-06,.2863557726876544,
SE2,2023,2023,.95,coef,netexch_se3,6.83536393253e-06,2.29287953258e-06,.002871901353823,***
SE2,2023,2023,.95,coef,ar_L1,1.167774505387834,.0410354368321986,0,***
SE2,2023,2023,.95,coef,ar_L2,-.2176166716615813,.0400406257338507,5.48281329227e-08,***
SE2,2023,2023,.99,fit,N,8732,,,
SE2,2023,2023,.99,lbq,L24,15985.17805265131,,0,***
SE2,2023,2023,.99,coef,_cons,1.155831726158586,.3863672767976705,.0027757755263611,***
SE2,2023,2023,.99,coef,wind_log,-.0202415511682805,.007672144846177,.0083318624364255,***
SE2,2023,2023,.99,coef,hydro_log_ds,-.0217967013627321,.0251129343238693,.3854232308612962,
SE2,2023,2023,.99,coef,consump_log_ds,.2036161457518768,.1299544812952534,.1171552142463654,
SE2,2023,2023,.99,coef,oil_log,-.233504299611563,.0859920426209565,.0066192260927018,***
SE2,2023,2023,.99,coef,gas_log,.0722666096305705,.0236577031840161,.002253040457004,***
SE2,2023,2023,.99,coef,netexch_no3,-.000010941086253,.0000150522296139,.4673026613587719,
SE2,2023,2023,.99,coef,netexch_no4,.0001325125601662,.0000577569970129,.0217725948786087,**
SE2,2023,2023,.99,coef,netexch_se1,-1.04689914438e-06,9.49301576614e-06,.9121865357862966,
SE2,2023,2023,.99,coef,netexch_se3,.000024513425043,5.00429188379e-06,9.65807358977e-07,***
SE2,2023,2023,.99,coef,ar_L1,1.352788271621138,.0795491836854231,0,***
SE2,2023,2023,.99,coef,ar_L2,-.4255735875994743,.0837022428105031,3.68838653175e-07,***
SE2,2024,2024,.1,fit,N,8756,,,
SE2,2024,2024,.1,lbq,L24,973.3657692853742,,4.0250138555e-190,***
SE2,2024,2024,.1,coef,_cons,.1097810630221418,.1024326296109053,.283837195133521,
SE2,2024,2024,.1,coef,wind_log,-.01564103826399,.0010543274633386,0,***
SE2,2024,2024,.1,coef,hydro_log_ds,-.0009077488957529,.0050339651312711,.8568975653338564,
SE2,2024,2024,.1,coef,consump_log_ds,.0762547183814367,.0151142966762205,4.53036435477e-07,***
SE2,2024,2024,.1,coef,oil_log,-.042177833507076,.0200018055380685,.0349703718428107,**
SE2,2024,2024,.1,coef,gas_log,.0290890308880337,.0058655923431279,7.07601346406e-07,***
SE2,2024,2024,.1,coef,netexch_no3,-3.21197164733e-06,2.50480381371e-06,.1997287880326757,
SE2,2024,2024,.1,coef,netexch_no4,-.0000228852507157,3.13754392850e-06,3.00870439673e-13,***
SE2,2024,2024,.1,coef,netexch_se1,1.75154942956e-06,1.35993402112e-06,.1977576329638628,
SE2,2024,2024,.1,coef,netexch_se3,-7.66993412390e-06,1.05606041851e-06,3.79252185212e-13,***
SE2,2024,2024,.1,coef,ar_L1,.9673439653040729,.0134693652629007,0,***
SE2,2024,2024,.1,coef,ar_L2,-.0801400572840949,.0140183515712907,1.08551252431e-08,***
SE2,2024,2024,.25,fit,N,8756,,,
SE2,2024,2024,.25,lbq,L24,521.4542547010134,,5.79674961690e-95,***
SE2,2024,2024,.25,coef,_cons,.1214361610549008,.061677561663019,.0489660469157696,**
SE2,2024,2024,.25,coef,wind_log,-.0079063677134915,.0006998765100632,0,***
SE2,2024,2024,.25,coef,hydro_log_ds,-.002396697335598,.0030643584923779,.4341438100988948,
SE2,2024,2024,.25,coef,consump_log_ds,.0436003106271684,.0092289068980167,2.30886466435e-06,***
SE2,2024,2024,.25,coef,oil_log,-.0346758257059884,.011731810726684,.0031195064604372,***
SE2,2024,2024,.25,coef,gas_log,.0159636974631303,.0038120280550011,.000028177365984,***
SE2,2024,2024,.25,coef,netexch_no3,1.76170757392e-06,1.20709664010e-06,.1444389270354449,
SE2,2024,2024,.25,coef,netexch_no4,-7.92944925286e-06,2.44620188333e-06,.0011888779492324,***
SE2,2024,2024,.25,coef,netexch_se1,1.80517479154e-06,8.14064169925e-07,.0265899916354653,**
SE2,2024,2024,.25,coef,netexch_se3,-2.15942176196e-06,5.39229298877e-07,.0000621107590322,***
SE2,2024,2024,.25,coef,ar_L1,1.10948088725855,.0066709917808408,0,***
SE2,2024,2024,.25,coef,ar_L2,-.175108584385399,.0068478976989162,0,***
SE2,2024,2024,.5,fit,N,8756,,,
SE2,2024,2024,.5,lbq,L24,605.0196576901637,,2.1118338718e-112,***
SE2,2024,2024,.5,coef,_cons,.0171900609833166,.0374413704025518,.6461483978648255,
SE2,2024,2024,.5,coef,wind_log,-.0049516023227247,.0005201426037171,0,***
SE2,2024,2024,.5,coef,hydro_log_ds,-.0045251341234973,.0022424938750874,.0436014107563081,**
SE2,2024,2024,.5,coef,consump_log_ds,.034037847863981,.0059155952031342,8.71986260975e-09,***
SE2,2024,2024,.5,coef,oil_log,-.0022159955650275,.007086495843953,.7545034152814258,
SE2,2024,2024,.5,coef,gas_log,.0069728537181866,.0023874263153108,.0034929399404353,***
SE2,2024,2024,.5,coef,netexch_no3,1.69276448218e-06,8.41498717676e-07,.0442614096103133,**
SE2,2024,2024,.5,coef,netexch_no4,-2.95924886509e-07,1.61960528152e-06,.8550222717968439,
SE2,2024,2024,.5,coef,netexch_se1,1.26761864485e-06,5.15504341450e-07,.0139329534336594,**
SE2,2024,2024,.5,coef,netexch_se3,-7.97512470017e-07,3.35637384353e-07,.0174960871900647,**
SE2,2024,2024,.5,coef,ar_L1,1.163786955712717,.0050155480920563,0,***
SE2,2024,2024,.5,coef,ar_L2,-.208634919400064,.005263257416622,0,***
SE2,2024,2024,.75,fit,N,8756,,,
SE2,2024,2024,.75,lbq,L24,589.8476209814306,,3.1500554432e-109,***
SE2,2024,2024,.75,coef,_cons,-.0578410406494214,.0453429628979222,.2020848083089233,
SE2,2024,2024,.75,coef,wind_log,-.0075021745784946,.000665438078059,0,***
SE2,2024,2024,.75,coef,hydro_log_ds,-.0050239292380509,.0028024055766649,.0730176662180015,*
SE2,2024,2024,.75,coef,consump_log_ds,.0349978911680405,.0071362484824038,9.37886943664e-07,***
SE2,2024,2024,.75,coef,oil_log,.0250074116926039,.008576154861759,.0035463741849755,***
SE2,2024,2024,.75,coef,gas_log,.0031600142608925,.0029087096349598,.2773032606161996,
SE2,2024,2024,.75,coef,netexch_no3,-6.04334449337e-07,1.01287105847e-06,.5507378295674492,
SE2,2024,2024,.75,coef,netexch_no4,8.17884270669e-06,2.31817062637e-06,.0004184824417159,***
SE2,2024,2024,.75,coef,netexch_se1,-4.53513240279e-07,6.27634815724e-07,.4699410190762678,
SE2,2024,2024,.75,coef,netexch_se3,-1.85164206103e-06,4.02549245183e-07,4.22916716469e-06,***
SE2,2024,2024,.75,coef,ar_L1,1.158293449486925,.0076736153140704,0,***
SE2,2024,2024,.75,coef,ar_L2,-.2100052492109164,.0075608322176312,0,***
SE2,2024,2024,.9,fit,N,8756,,,
SE2,2024,2024,.9,lbq,L24,608.0244641799068,,4.9631928524e-113,***
SE2,2024,2024,.9,coef,_cons,-.1263532364549959,.1140962346697024,.2681094123804648,
SE2,2024,2024,.9,coef,wind_log,-.012917908311294,.0016208978389078,1.55431223448e-15,***
SE2,2024,2024,.9,coef,hydro_log_ds,-.0077532477458062,.0066042057765864,.2404004742150432,
SE2,2024,2024,.9,coef,consump_log_ds,.0484921217433058,.0167944520564575,.0038845322882821,***
SE2,2024,2024,.9,coef,oil_log,.0588698260252881,.0218527811571519,.007061534939288,***
SE2,2024,2024,.9,coef,gas_log,-.0025313529761424,.0065545233794149,.6993490003632448,
SE2,2024,2024,.9,coef,netexch_no3,-2.19525824046e-06,2.42042855475e-06,.3644221912547865,
SE2,2024,2024,.9,coef,netexch_no4,.0000249548839164,4.85393022182e-06,2.73031826703e-07,***
SE2,2024,2024,.9,coef,netexch_se1,-4.77016470418e-06,1.47543988261e-06,.0012247792845572,***
SE2,2024,2024,.9,coef,netexch_se3,-3.06073584803e-06,1.00217857354e-06,.0022575013698696,***
SE2,2024,2024,.9,coef,ar_L1,1.152845634473755,.0189886956445004,0,***
SE2,2024,2024,.9,coef,ar_L2,-.2201912445859677,.0187097063278574,0,***
SE2,2024,2024,.95,fit,N,8756,,,
SE2,2024,2024,.95,lbq,L24,1328.399765055141,,9.8407612005e-266,***
SE2,2024,2024,.95,coef,_cons,-.1535646206634066,.2025724427427579,.4484075149184017,
SE2,2024,2024,.95,coef,wind_log,-.0159883967871888,.0030166142083548,1.15730902639e-07,***
SE2,2024,2024,.95,coef,hydro_log_ds,-.0190927441836315,.0103324921750464,.0646261668957391,*
SE2,2024,2024,.95,coef,consump_log_ds,.0611901254309667,.0241869317123989,.0114100324763358,**
SE2,2024,2024,.95,coef,oil_log,.0795595736183901,.0391259774907197,.0420100349828034,**
SE2,2024,2024,.95,coef,gas_log,-.0010294481334677,.0097441895990698,.9158621286569784,
SE2,2024,2024,.95,coef,netexch_no3,-2.15810731313e-06,3.52936588910e-06,.5408873569111812,
SE2,2024,2024,.95,coef,netexch_no4,.0000414515884284,9.04480036263e-06,4.58529450453e-06,***
SE2,2024,2024,.95,coef,netexch_se1,-3.06945417551e-06,2.17739779861e-06,.1586314731153908,
SE2,2024,2024,.95,coef,netexch_se3,1.98711493727e-06,2.16441975927e-06,.358575909672165,
SE2,2024,2024,.95,coef,ar_L1,1.178214960436952,.0335953569638455,0,***
SE2,2024,2024,.95,coef,ar_L2,-.2595409987421905,.0313978282863023,2.22044604925e-16,***
SE2,2024,2024,.99,fit,N,8756,,,
SE2,2024,2024,.99,lbq,L24,16822.30123818629,,0,***
SE2,2024,2024,.99,coef,_cons,1.553297062245217,.7305083617981432,.0334763365494606,**
SE2,2024,2024,.99,coef,wind_log,-.0182867247433451,.010848265363384,.0918570818515621,*
SE2,2024,2024,.99,coef,hydro_log_ds,-.0807990704071573,.0473816859352942,.0881421016756299,*
SE2,2024,2024,.99,coef,consump_log_ds,.2990900459864363,.1270107069022777,.0185306226172266,**
SE2,2024,2024,.99,coef,oil_log,-.2391886225383494,.1443682114077688,.0975607997585017,*
SE2,2024,2024,.99,coef,gas_log,-.0378959216582792,.0394072530695685,.3362262529290283,
SE2,2024,2024,.99,coef,netexch_no3,.0000171971850941,.0000136559961091,.2079169910565595,
SE2,2024,2024,.99,coef,netexch_no4,.0000446234149936,.0000257858927989,.0835345604943254,*
SE2,2024,2024,.99,coef,netexch_se1,-.0000236786110933,9.25144877034e-06,.0104838244197623,**
SE2,2024,2024,.99,coef,netexch_se3,.0000144923950536,6.56287011577e-06,.0272275182099488,**
SE2,2024,2024,.99,coef,ar_L1,1.286785507705387,.1490989738245558,0,***
SE2,2024,2024,.99,coef,ar_L2,-.3513086069312936,.1443702370334371,.0149583182327717,**
SE2,2025,2025,.1,fit,N,8732,,,
SE2,2025,2025,.1,lbq,L24,3799.758330096958,,0,***
SE2,2025,2025,.1,coef,_cons,.1508337955543734,.1209151833700841,.2122381495844377,
SE2,2025,2025,.1,coef,wind_log,-.0076803651075416,.0032269788126098,.0173103737496243,**
SE2,2025,2025,.1,coef,hydro_log_ds,.0748597534488266,.0319945572386295,.0192958637266769,**
SE2,2025,2025,.1,coef,consump_log_ds,.0877254607806333,.0350011771499451,.0121982236351659,**
SE2,2025,2025,.1,coef,oil_log,-.1182718611449428,.0424386358237293,.0053216341067248,***
SE2,2025,2025,.1,coef,gas_log,.0780475912952676,.0199898740966981,.0000944764992947,***
SE2,2025,2025,.1,coef,netexch_no3,-8.84462311399e-06,2.13319582679e-06,.0000338061703842,***
SE2,2025,2025,.1,coef,netexch_no4,5.07796855719e-06,3.32350417682e-06,.126538375000566,
SE2,2025,2025,.1,coef,netexch_se1,7.85460848805e-07,2.66166568295e-06,.7679165409808852,
SE2,2025,2025,.1,coef,netexch_se3,-2.82243783491e-06,1.44728982147e-06,.0511577830616219,*
SE2,2025,2025,.1,coef,ar_L1,.9906090817217175,.0246869523333632,0,***
SE2,2025,2025,.1,coef,ar_L2,-.1336831561251355,.0241059571353084,2.92867268215e-08,***
SE2,2025,2025,.25,fit,N,8732,,,
SE2,2025,2025,.25,lbq,L24,193.6660650062474,,1.74899642234e-28,***
SE2,2025,2025,.25,coef,_cons,.0587311629054835,.0648362175713781,.365021169723496,
SE2,2025,2025,.25,coef,wind_log,-.0048874882177833,.0013937309742924,.0004535880485246,***
SE2,2025,2025,.25,coef,hydro_log_ds,.0258191428920424,.0183904140081658,.1603350160243786,
SE2,2025,2025,.25,coef,consump_log_ds,.0478864980465784,.0186690444887063,.0103169451040819,**
SE2,2025,2025,.25,coef,oil_log,-.0442524961416146,.022770232291437,.0519634641289934,*
SE2,2025,2025,.25,coef,gas_log,.0325769789773779,.0109802428786212,.0030084583579031,***
SE2,2025,2025,.25,coef,netexch_no3,-3.94539598435e-06,1.13930379129e-06,.0005342111274775,***
SE2,2025,2025,.25,coef,netexch_no4,-5.21879327734e-07,2.54805561524e-06,.8377168766050056,
SE2,2025,2025,.25,coef,netexch_se1,-1.01254011106e-06,1.58423055918e-06,.5227339168043992,
SE2,2025,2025,.25,coef,netexch_se3,-1.17816884607e-06,7.90939140266e-07,.1363341313231454,
SE2,2025,2025,.25,coef,ar_L1,1.132848168356787,.0109542234883534,0,***
SE2,2025,2025,.25,coef,ar_L2,-.1979978344769327,.0106440553502768,0,***
SE2,2025,2025,.5,fit,N,8732,,,
SE2,2025,2025,.5,lbq,L24,193.7339385296458,,1.69709180486e-28,***
SE2,2025,2025,.5,coef,_cons,.063242489149773,.0408189439952505,.1212996177393793,
SE2,2025,2025,.5,coef,wind_log,-.0089066085367318,.0010831952163933,2.22044604925e-16,***
SE2,2025,2025,.5,coef,hydro_log_ds,.0021659625495389,.0118787637000649,.8553166508055674,
SE2,2025,2025,.5,coef,consump_log_ds,.0421924286937909,.0124738566500363,.0007183748447552,***
SE2,2025,2025,.5,coef,oil_log,-.0148039032396387,.0140966466984643,.2936390540336751,
SE2,2025,2025,.5,coef,gas_log,.0160632693240557,.006896608986988,.0198508710793261,**
SE2,2025,2025,.5,coef,netexch_no3,-1.89968628854e-06,6.12598012383e-07,.0019284718400172,***
SE2,2025,2025,.5,coef,netexch_no4,-1.95662362951e-07,1.39377040979e-06,.8883569968891833,
SE2,2025,2025,.5,coef,netexch_se1,-1.64664736491e-06,1.00831363896e-06,.1024541479354955,
SE2,2025,2025,.5,coef,netexch_se3,-1.31911551561e-06,5.89395042718e-07,.0252155888131942,**
SE2,2025,2025,.5,coef,ar_L1,1.159878939388495,.0057600386878866,0,***
SE2,2025,2025,.5,coef,ar_L2,-.1952404331383877,.0054276092682383,0,***
SE2,2025,2025,.75,fit,N,8732,,,
SE2,2025,2025,.75,lbq,L24,170.3661142093629,,4.98201346789e-24,***
SE2,2025,2025,.75,coef,_cons,.1584686034015281,.061394940294682,.0098476184186056,***
SE2,2025,2025,.75,coef,wind_log,-.0212183353096307,.001952911121741,0,***
SE2,2025,2025,.75,coef,hydro_log_ds,-.0328097039575508,.0156069770222748,.0355317381301454,**
SE2,2025,2025,.75,coef,consump_log_ds,.0890169796825549,.0185895088841174,1.67982295007e-06,***
SE2,2025,2025,.75,coef,oil_log,.0005288771940859,.0209248366166395,.9798355403912589,
SE2,2025,2025,.75,coef,gas_log,.0036702857214957,.0100729384706317,.7155810576913526,
SE2,2025,2025,.75,coef,netexch_no3,-1.65228799370e-06,1.17940227710e-06,.161227916426165,
SE2,2025,2025,.75,coef,netexch_no4,-6.89722402501e-06,2.04443842570e-06,.0007417804831402,***
SE2,2025,2025,.75,coef,netexch_se1,-4.98378152103e-06,1.51552463051e-06,.001007277961582,***
SE2,2025,2025,.75,coef,netexch_se3,-4.28484527836e-06,8.27060834014e-07,2.20924095018e-07,***
SE2,2025,2025,.75,coef,ar_L1,1.17371540627665,.009385142934193,0,***
SE2,2025,2025,.75,coef,ar_L2,-.2073019330650223,.0090274310682385,0,***
SE2,2025,2025,.9,fit,N,8732,,,
SE2,2025,2025,.9,lbq,L24,579.191089156012,,5.3157499179e-107,***
SE2,2025,2025,.9,coef,_cons,.3890124291111658,.0909618033789039,.0000189720809913,***
SE2,2025,2025,.9,coef,wind_log,-.0491736838370041,.0031127461067213,0,***
SE2,2025,2025,.9,coef,hydro_log_ds,-.0707802024189209,.0282072923671689,.0120975023847962,**
SE2,2025,2025,.9,coef,consump_log_ds,.2186468997124197,.0305609498019439,8.39994740431e-13,***
SE2,2025,2025,.9,coef,oil_log,-.0085731802884995,.0339468772059992,.8006183292549052,
SE2,2025,2025,.9,coef,gas_log,.0151044956060161,.0170145865967311,.3746816834659406,
SE2,2025,2025,.9,coef,netexch_no3,-7.65608149074e-06,1.60895829887e-06,1.95124919022e-06,***
SE2,2025,2025,.9,coef,netexch_no4,-.0000112617453277,3.86394657414e-06,.003561781651195,***
SE2,2025,2025,.9,coef,netexch_se1,-7.43447975590e-06,2.64100336844e-06,.0048774057357686,***
SE2,2025,2025,.9,coef,netexch_se3,-8.30635302288e-06,1.11645026441e-06,1.00808250636e-13,***
SE2,2025,2025,.9,coef,ar_L1,1.204895547907639,.0182041853196496,0,***
SE2,2025,2025,.9,coef,ar_L2,-.2417859361965599,.0186928060624732,0,***
SE2,2025,2025,.95,fit,N,8732,,,
SE2,2025,2025,.95,lbq,L24,4974.678770318546,,0,***
SE2,2025,2025,.95,coef,_cons,.5488119484865935,.1272927716678011,.0000162213227084,***
SE2,2025,2025,.95,coef,wind_log,-.0807405404657443,.0061262425094408,0,***
SE2,2025,2025,.95,coef,hydro_log_ds,-.1703772634990633,.0341386874117037,6.01488645779e-07,***
SE2,2025,2025,.95,coef,consump_log_ds,.3316551021772334,.0451219033973127,1.97841742988e-13,***
SE2,2025,2025,.95,coef,oil_log,.0131865460470172,.0479068004439178,.7831209807214612,
SE2,2025,2025,.95,coef,gas_log,.0147018056073317,.0241604354992084,.5428509496022471,
SE2,2025,2025,.95,coef,netexch_no3,-.0000122367353669,3.69170344783e-06,.0009175522013098,***
SE2,2025,2025,.95,coef,netexch_no4,-.0000108508991578,7.13843284576e-06,.128494033324511,
SE2,2025,2025,.95,coef,netexch_se1,-.0000115556888933,3.70698565769e-06,.001825320240441,***
SE2,2025,2025,.95,coef,netexch_se3,-.0000138671292858,1.74080060090e-06,1.55431223448e-15,***
SE2,2025,2025,.95,coef,ar_L1,1.212363358323573,.0289121557620148,0,***
SE2,2025,2025,.95,coef,ar_L2,-.252933948764773,.0279293609512224,0,***
SE2,2025,2025,.99,fit,N,8732,,,
SE2,2025,2025,.99,lbq,L24,32220.12739412599,,0,***
SE2,2025,2025,.99,coef,_cons,1.234864222375318,.7248488019003243,.0884527972392841,*
SE2,2025,2025,.99,coef,wind_log,-.1597647603982779,.0225657658586412,1.44195766438e-12,***
SE2,2025,2025,.99,coef,hydro_log_ds,-.4198791511256658,.163523906963874,.0102377852931401,**
SE2,2025,2025,.99,coef,consump_log_ds,.6738741221946356,.2159200307173662,.0018027288510085,***
SE2,2025,2025,.99,coef,oil_log,.0347296740510883,.2709891728239769,.8980232255646914,
SE2,2025,2025,.99,coef,gas_log,-.0184236053690056,.1359042729009848,.8921666731912348,
SE2,2025,2025,.99,coef,netexch_no3,-8.96602448420e-06,.000018268880108,.6235811469736818,
SE2,2025,2025,.99,coef,netexch_no4,8.42790396355e-06,.0000346566253675,.8078635946131634,
SE2,2025,2025,.99,coef,netexch_se1,-.0000103050447045,.0000190566510233,.5886740983568832,
SE2,2025,2025,.99,coef,netexch_se3,-.00002440802124,.0000123376599668,.0478909572552941,**
SE2,2025,2025,.99,coef,ar_L1,1.194402802200534,.1037187360645742,0,***
SE2,2025,2025,.99,coef,ar_L2,-.2893444002542861,.1002975321284244,.0039158699312529,***
