p,q,type,variable,value,se,pval
0,0,fit,N,8736,,
0,0,fit,ll,110.2280053748401,,
0,0,fit,AIC,-172.4560107496801,,
0,0,fit,BIC,-2.651025998047658,,
0,0,lbq_std,L1,4609.971067851196,,0
0,0,lbq_sq,L1,15.77491988860849,,.000071341979035
0,0,lbq_std,L2,7644.483659879705,,0
0,0,lbq_sq,L2,18.94501181514698,,.0000769383652783
0,0,lbq_std,L3,9914.96353579995,,0
0,0,lbq_sq,L3,27.31577606348567,,5.05483688321e-06
0,0,lbq_std,L4,11724.06914668077,,0
0,0,lbq_sq,L4,27.86376333858644,,.0000132915371083
0,0,lbq_std,L5,13236.79022472567,,0
0,0,lbq_sq,L5,28.00461995852064,,.0000363231544403
0,0,lbq_std,L10,18745.81743145335,,0
0,0,lbq_sq,L10,32.75401435283329,,.0002995576662292
0,0,lbq_std,L15,23196.64583955869,,0
0,0,lbq_sq,L15,37.37530554278045,,.0011151357508202
0,0,lbq_std,L20,25852.2369940284,,0
0,0,lbq_sq,L20,40.14761815117694,,.0047850669078684
0,0,coef,_cons,2.70943725818378,.5085075219327944,9.91828352781e-08
0,0,coef,wind_log,-.1761335831063622,.0074927136096978,0
0,0,coef,hydro_log_ds,-1.05091091612128,.1450741489329576,4.35873559468e-13
0,0,coef,consump_log_ds,2.627119494914552,.1216749468739712,0
0,0,coef,oil_log,-.2520304601440295,.1558883898386421,.1059351571743758
0,0,coef,gas_log,-.2127742987500015,.060319229292744,.0004195505927211
0,0,coef,netexch_dk1,-.0000192654893031,.0000129922420119,.1381154293458147
0,0,coef,netexch_fi,-.0000361149924981,.0000104392970223,.0005411322238302
0,0,coef,netexch_no1,.0000635510807295,.0000113953167951,2.44776046099e-08
0,0,coef,netexch_se2,.0000317299219492,5.83803749076e-06,5.47865273148e-08
0,0,coef,netexch_se4,-.0000274312182502,5.97864879819e-06,4.47090717604e-06
0,0,var_coef,omega,-9.965895006994266,2.715025703153923,.0002419393524686
0,0,var_coef,arch1,.8417094518116096,.0193046154861388,0
0,0,var_coef,garch1,.0323080654696867,.0191266436232016,.0911877291606609
0,0,var_coef,het_wind_log,.0270112199111656,.050396595567642,.591977136883362
0,0,var_coef,het_hydro_log_ds,-.7190562451825577,1.037846533256057,.4884132002001522
0,0,var_coef,het_consump_log_ds,-1.469204889593934,.7808517314356158,.0598983039465246
0,0,var_coef,het_oil_log,1.460063527918539,.903704664427641,.1061716619077833
0,0,var_coef,het_gas_log,-.0503404162622154,.403664292317681,.9007542340376498
0,0,var_coef,het_netexch_dk1,-.0001563056822796,.0001160861006835,.1781531260954499
0,0,var_coef,het_netexch_fi,-.0000809304097659,.0000683141488472,.2361439703793944
0,0,var_coef,het_netexch_no1,.0002061575277488,.0000640599566758,.0012899941412583
0,0,var_coef,het_netexch_se2,-.0000145306306888,.000041529470375,.7264233430276474
0,0,var_coef,het_netexch_se4,.0001545544437721,.0000502512779479,.0021005685191573
0,0,var_coef,persistence,.8740175172812963,,
0,1,fit,N,8736,,
0,1,fit,ll,2608.180665761469,,
0,1,fit,AIC,-5166.361331522938,,
0,1,fit,BIC,-4989.48113907332,,
0,1,lbq_std,L1,1776.230288212591,,0
0,1,lbq_sq,L1,24.18533386575392,,8.74960453698e-07
0,1,lbq_std,L2,5075.980621906596,,0
0,1,lbq_sq,L2,145.0404686949886,,3.19788172065e-32
0,1,lbq_std,L3,6198.802660751706,,0
0,1,lbq_sq,L3,195.1727736828863,,4.65724076134e-42
0,1,lbq_std,L4,7962.479447960382,,0
0,1,lbq_sq,L4,196.7039904494986,,1.92064802015e-41
0,1,lbq_std,L5,8835.688395356054,,0
0,1,lbq_sq,L5,220.5625055510525,,1.12582369292e-45
0,1,lbq_std,L10,13213.67943280307,,0
0,1,lbq_sq,L10,229.8958630886464,,9.03201053095e-44
0,1,lbq_std,L15,16496.71283239088,,0
0,1,lbq_sq,L15,230.7368607736535,,1.12852528446e-40
0,1,lbq_std,L20,18642.54626786722,,0
0,1,lbq_sq,L20,232.9628214995942,,3.04722337750e-38
0,1,coef,_cons,2.150547883249911,.5040720770925162,.0000198697020728
0,1,coef,wind_log,-.1810120451003702,.0069526973672444,0
0,1,coef,hydro_log_ds,-.9077062435331498,.148617002253065,1.01084873805e-09
0,1,coef,consump_log_ds,2.470011323175111,.0984414973564229,0
0,1,coef,oil_log,-.0410321470468775,.1553390771808902,.7916676615715559
0,1,coef,gas_log,-.2800228757969122,.0579104394346101,1.32846592993e-06
0,1,coef,netexch_dk1,-.0000254746016537,.0000104096118489,.0143963266976026
0,1,coef,netexch_fi,-.000018259848131,8.30408450211e-06,.0278850617228417
0,1,coef,netexch_no1,.0000434744652641,6.85266795108e-06,2.23633112029e-10
0,1,coef,netexch_se2,.0000267606389174,5.05796694797e-06,1.21789409890e-07
0,1,coef,netexch_se4,-.0000280985762213,4.73927653268e-06,3.05017922031e-09
0,1,coef,ma_L1,.7138240421640792,.0049991493183226,0
0,1,var_coef,omega,-13.90337756004215,3.273944470155204,.0000216966495517
0,1,var_coef,arch1,.3788165817207444,.0182470494127899,0
0,1,var_coef,garch1,.5000989650102678,.0194282869044925,0
0,1,var_coef,het_wind_log,-.0336931314695873,.049045967139067,.492101332558593
0,1,var_coef,het_hydro_log_ds,-1.891256781104093,1.047209108993211,.0709187676173193
0,1,var_coef,het_consump_log_ds,-1.057731668084372,.8173144364924829,.1956118431442844
0,1,var_coef,het_oil_log,2.089535964234369,1.078543761134516,.0527003986254704
0,1,var_coef,het_gas_log,.2126305229806408,.4419179377271607,.630407148539776
0,1,var_coef,het_netexch_dk1,-.0004551193302958,.0001265000787359,.0003209461074123
0,1,var_coef,het_netexch_fi,-.0001179637704624,.0000838083609772,.1592667943274881
0,1,var_coef,het_netexch_no1,.0001844112408464,.0000747845133382,.0136668925435219
0,1,var_coef,het_netexch_se2,-.0000737657318142,.0000492973767144,.1345645737579881
0,1,var_coef,het_netexch_se4,.0001572331243464,.000060796210792,.0097031509454337
0,1,var_coef,persistence,.8789155467310122,,
0,2,fit,N,8736,,
0,2,fit,ll,3906.498275294367,,
0,2,fit,AIC,-7760.996550588735,,
0,2,fit,BIC,-7577.041150441133,,
0,2,lbq_std,L1,535.8325397686679,,1.5207616069e-118
0,2,lbq_sq,L1,5.167738174896544,,.023010156876226
0,2,lbq_std,L2,2015.816781322191,,0
0,2,lbq_sq,L2,6.111970642864784,,.047076312610832
0,2,lbq_std,L3,3760.930483310452,,0
0,2,lbq_sq,L3,13.86374391862479,,.0030966112678763
0,2,lbq_std,L4,4171.294638725487,,0
0,2,lbq_sq,L4,38.68807541405134,,8.08031549770e-08
0,2,lbq_std,L5,5268.044769349479,,0
0,2,lbq_sq,L5,38.9664829641452,,2.41201337276e-07
0,2,lbq_std,L10,8162.345011939465,,0
0,2,lbq_sq,L10,47.08962908110315,,9.09477345946e-07
0,2,lbq_std,L15,10402.18655978765,,0
0,2,lbq_sq,L15,50.70746501628541,,9.22216022443e-06
0,2,lbq_std,L20,11889.94588353551,,0
0,2,lbq_sq,L20,54.43523991495031,,.000049847565384
0,2,coef,_cons,2.118659679950836,.4639929584941197,4.96772385294e-06
0,2,coef,wind_log,-.1887171984674995,.0073210383431905,0
0,2,coef,hydro_log_ds,-.7266516490738998,.1535269276910207,2.21163708147e-06
0,2,coef,consump_log_ds,2.330131525757967,.1039569528632881,0
0,2,coef,oil_log,-.0412079431792797,.1451919402055395,.7765506138410538
0,2,coef,gas_log,-.2481653847436734,.0582987658884783,.0000207386463023
0,2,coef,netexch_dk1,-.000022498654772,.0000101390976711,.0264867443962926
0,2,coef,netexch_fi,-1.71010176981e-06,7.82386091792e-06,.8269809926363099
0,2,coef,netexch_no1,.0000323712072933,6.21601282178e-06,1.91182899067e-07
0,2,coef,netexch_se2,.0000235262878181,4.85809389572e-06,1.28087066598e-06
0,2,coef,netexch_se4,-.0000282218057152,4.26407087988e-06,3.62831986678e-11
0,2,coef,ma_L1,.9923911021127944,.012520571871308,0
0,2,coef,ma_L2,.5074275016460462,.007826879346882,0
0,2,var_coef,omega,-12.47670720885903,2.932590555199853,.0000209516438932
0,2,var_coef,arch1,.2270693887571241,.0196480229018922,0
0,2,var_coef,garch1,.6329991386689733,.0289227676009255,0
0,2,var_coef,het_wind_log,-.0397705440051599,.0470891351382891,.398345352855908
0,2,var_coef,het_hydro_log_ds,-1.216658056868649,.9726414908480244,.2109781608825774
0,2,var_coef,het_consump_log_ds,-.7103014858522253,.789242928842906,.3681318147755033
0,2,var_coef,het_oil_log,1.446385683860912,.9675037017741576,.134923168780406
0,2,var_coef,het_gas_log,.5316277457785812,.4054931746547805,.1898359402710028
0,2,var_coef,het_netexch_dk1,-.0004120353963568,.0001213309909651,.0006838793225254
0,2,var_coef,het_netexch_fi,-.0001920713756712,.0000772823155666,.0129434597374816
0,2,var_coef,het_netexch_no1,.0001388606795938,.0000720359862408,.0538977927571302
0,2,var_coef,het_netexch_se2,-.0001192149063224,.0000475334296975,.0121408971205694
0,2,var_coef,het_netexch_se4,.000138327142517,.0000580430138009,.0171636446298578
0,2,var_coef,persistence,.8600685274260974,,
0,3,fit,N,8736,,
0,3,fit,ll,4615.73576832364,,
0,3,fit,AIC,-9177.471536647279,,
0,3,fit,BIC,-8986.440928801692,,
0,3,lbq_std,L1,154.9767837208786,,1.41666528810e-35
0,3,lbq_sq,L1,.0002033135056639,,.9886235055373584
0,3,lbq_std,L2,674.4688971621042,,3.4748804970e-147
0,3,lbq_sq,L2,2.328584910770133,,.3121434393281267
0,3,lbq_std,L3,1571.581291771512,,0
0,3,lbq_sq,L3,2.418425706452262,,.4902138999945056
0,3,lbq_std,L4,2561.628938592133,,0
0,3,lbq_sq,L4,2.75597853295848,,.5994552325811013
0,3,lbq_std,L5,2730.604155827977,,0
0,3,lbq_sq,L5,12.31218399699434,,.030751691243923
0,3,lbq_std,L10,4816.737642815599,,0
0,3,lbq_sq,L10,18.98522740662446,,.040450718376453
0,3,lbq_std,L15,6219.199416805529,,0
0,3,lbq_sq,L15,25.4140637886044,,.0446515133653289
0,3,lbq_std,L20,7215.636028839483,,0
0,3,lbq_sq,L20,30.09054710080608,,.0683996980541718
0,3,coef,_cons,2.355454861088854,.4569647119031643,2.54218734508e-07
0,3,coef,wind_log,-.1941065412457009,.0076523496354227,0
0,3,coef,hydro_log_ds,-.7000442084572456,.1614882116241489,.0000145789622636
0,3,coef,consump_log_ds,2.240020244155836,.10823861768952,0
0,3,coef,oil_log,-.1385804784969402,.1460710105330922,.3427630761953817
0,3,coef,gas_log,-.1828772149605465,.061657978893385,.0030170606505713
0,3,coef,netexch_dk1,-.0000203618182202,9.93954612228e-06,.0405045526753149
0,3,coef,netexch_fi,5.17579211865e-06,7.65979257432e-06,.4992253097536317
0,3,coef,netexch_no1,.0000227945647314,6.11188047115e-06,.0001918219262464
0,3,coef,netexch_se2,.0000210883171003,4.89971875075e-06,.0000167752857374
0,3,coef,netexch_se4,-.0000259107859389,4.23495351935e-06,9.45691081000e-10
0,3,coef,ma_L1,1.09055050429603,.0133293957922454,0
0,3,coef,ma_L2,.8149318262405331,.0113962179636444,0
0,3,coef,ma_L3,.377334360333101,.0084525281829957,0
0,3,var_coef,omega,-12.44514428612391,2.654450278968925,2.75339477951e-06
0,3,var_coef,arch1,.1780720441482987,.0249204723495162,8.95949980873e-13
0,3,var_coef,garch1,.655351403834378,.0475564748037015,0
0,3,var_coef,het_wind_log,-.039207874115758,.0447277879875001,.3807100718975418
0,3,var_coef,het_hydro_log_ds,-.9618765710704722,.9153224568674757,.2933224854623584
0,3,var_coef,het_consump_log_ds,-.5219953381387803,.7300835249721288,.4746212159340186
0,3,var_coef,het_oil_log,1.481400570173496,.8783862728872781,.0916990704062461
0,3,var_coef,het_gas_log,.4926769703867069,.3777543488604451,.1921566033576236
0,3,var_coef,het_netexch_dk1,-.0004003263911781,.0001193865047267,.0007988401567365
0,3,var_coef,het_netexch_fi,-.0002167928086374,.0000759131178154,.0042928319824167
0,3,var_coef,het_netexch_no1,.0001034464923345,.0000719520013507,.1505148535776797
0,3,var_coef,het_netexch_se2,-.000143278249578,.0000496223385088,.0038847217454814
0,3,var_coef,het_netexch_se4,.0001251146687678,.0000592995879502,.0348691958639624
0,3,var_coef,persistence,.8334234479826766,,
1,0,fit,N,8736,,
1,0,fit,ll,5923.223765222421,,
1,0,fit,AIC,-11796.44753044484,,
1,0,fit,BIC,-11619.56733799523,,
1,0,lbq_std,L1,59.1483186062564,,1.46224241491e-14
1,0,lbq_sq,L1,.1569244790356412,,.6920040048948441
1,0,lbq_std,L2,83.45683258830512,,7.54360717456e-19
1,0,lbq_sq,L2,.1879013475757557,,.9103276641487997
1,0,lbq_std,L3,123.9407301979596,,1.09300482311e-26
1,0,lbq_sq,L3,.716587155304119,,.8692957211573382
1,0,lbq_std,L4,133.3406855601622,,7.51339809483e-28
1,0,lbq_sq,L4,13.898739081502,,.0076253510494249
1,0,lbq_std,L5,137.5272253022778,,6.00043890592e-28
1,0,lbq_sq,L5,15.10591803866819,,.0099192251775809
1,0,lbq_std,L10,170.940793149845,,1.77129444452e-31
1,0,lbq_sq,L10,27.59316246663998,,.0020966146794098
1,0,lbq_std,L15,178.8845726854922,,3.98998779974e-30
1,0,lbq_sq,L15,43.54081517711986,,.0001297173271168
1,0,lbq_std,L20,181.4499722001926,,5.04917919562e-28
1,0,lbq_sq,L20,52.50254686724413,,.0000961477169097
1,0,coef,_cons,2.416009316996734,1.091752952483359,.0269001696119453
1,0,coef,wind_log,-.1301624640241502,.0131642313602922,0
1,0,coef,hydro_log_ds,-.3625986618711922,.313377572320914,.2472452298274364
1,0,coef,consump_log_ds,1.509117821916848,.1597500287110713,0
1,0,coef,oil_log,-.4083312262016114,.3482660904823757,.2410087749724661
1,0,coef,gas_log,.0491155511044547,.1554577733393386,.7520469652250599
1,0,coef,netexch_dk1,-.0000549245043746,9.88612719991e-06,2.76477796213e-08
1,0,coef,netexch_fi,4.89733031807e-06,7.95500125040e-06,.5381393360031974
1,0,coef,netexch_no1,-.0000275306327369,6.26486633773e-06,.0000111054305476
1,0,coef,netexch_se2,-.0000271931035192,5.39828142238e-06,4.71988963247e-07
1,0,coef,netexch_se4,-.0000473891451942,4.52622592033e-06,0
1,0,coef,ar_L1,.943096269378656,.005013644068414,0
1,0,var_coef,omega,-10.41467453378547,2.565472445868273,.0000491664873068
1,0,var_coef,arch1,.1255023512697421,.0613105042971772,.040658486550452
1,0,var_coef,garch1,.6246480689804486,.170566712710058,.0002500662165672
1,0,var_coef,het_wind_log,-.085867464603909,.0618608449927738,.1651143452022754
1,0,var_coef,het_hydro_log_ds,-.1373824628431964,.873971084267158,.8750924507710447
1,0,var_coef,het_consump_log_ds,-1.402371437702404,.7590913807916118,.0646842249452546
1,0,var_coef,het_oil_log,1.026982985171488,.8522713849182917,.2282051289819904
1,0,var_coef,het_gas_log,.6284969620432724,.3774070649681437,.095852402466081
1,0,var_coef,het_netexch_dk1,-.0003214921509967,.0001365662038814,.0185670115780567
1,0,var_coef,het_netexch_fi,-.0002710283851752,.0000920439464267,.0032342033759036
1,0,var_coef,het_netexch_no1,.0000438700386263,.0001060866078585,.6792180457642121
1,0,var_coef,het_netexch_se2,-.0001734545900461,.0000790577291321,.0282336524476272
1,0,var_coef,het_netexch_se4,.0001525107006352,.0000762631607174,.0455223861064999
1,0,var_coef,persistence,.7501504202501906,,
1,1,fit,N,8736,,
1,1,fit,ll,5965.719479601361,,
1,1,fit,AIC,-11879.43895920272,,
1,1,fit,BIC,-11695.48355905512,,
1,1,lbq_std,L1,.322118401751105,,.5703373357330047
1,1,lbq_sq,L1,.1157604634325606,,.7336788894864805
1,1,lbq_std,L2,10.69630905220644,,.0047569216786794
1,1,lbq_sq,L2,.2726496528833193,,.8725591561650745
1,1,lbq_std,L3,33.44281555281185,,2.59731483402e-07
1,1,lbq_sq,L3,.7899637929769611,,.8518660251687438
1,1,lbq_std,L4,35.67128114362055,,3.38111632747e-07
1,1,lbq_sq,L4,13.52188337965961,,.0089882419012902
1,1,lbq_std,L5,36.34915110727299,,8.08667910762e-07
1,1,lbq_sq,L5,14.30116026273621,,.0138054396954806
1,1,lbq_std,L10,65.95730587246702,,2.65771570963e-10
1,1,lbq_sq,L10,27.05990107223527,,.0025481083694352
1,1,lbq_std,L15,78.48550385267879,,1.32002978791e-10
1,1,lbq_sq,L15,44.40037719631865,,.0000951637560769
1,1,lbq_std,L20,82.96931452398343,,1.22304833677e-09
1,1,lbq_sq,L20,53.41609502623969,,.0000705751090281
1,1,coef,_cons,2.240171661706921,1.042697192769442,.0316788709387832
1,1,coef,wind_log,-.1368869106452729,.0137660902303139,0
1,1,coef,hydro_log_ds,-.3598455068691867,.3048079189320735,.2377756448322617
1,1,coef,consump_log_ds,1.472082677606219,.1648406512125125,0
1,1,coef,oil_log,-.3428463905252698,.3349363437134257,.3060164167195132
1,1,coef,gas_log,.0358567248004895,.1479046378622251,.8084459252101823
1,1,coef,netexch_dk1,-.0000517929909254,9.96905790280e-06,2.04307939455e-07
1,1,coef,netexch_fi,7.07424059600e-06,8.14835547020e-06,.3852957109610171
1,1,coef,netexch_no1,-.0000268929196272,6.51669518273e-06,.0000367889728237
1,1,coef,netexch_se2,-.0000254977821629,5.78793195310e-06,.0000105620273743
1,1,coef,netexch_se4,-.0000442100681879,4.51493156467e-06,0
1,1,coef,ar_L1,.9301346374688769,.006033271150396,0
1,1,coef,ma_L1,.128979565365605,.0163412093940876,2.88657986403e-15
1,1,var_coef,omega,-11.01215123132171,2.549967578492444,.0000157060783956
1,1,var_coef,arch1,.1342760752230851,.0578292492902255,.0202361404024738
1,1,var_coef,garch1,.5966274449012809,.1515761246077126,.0000827967696224
1,1,var_coef,het_wind_log,-.0792653971471438,.0579053770247838,.1710374112681641
1,1,var_coef,het_hydro_log_ds,-.0872257463257302,.8773394986826835,.9208042124628095
1,1,var_coef,het_consump_log_ds,-1.471694301225162,.7203066754864933,.0410376304411308
1,1,var_coef,het_oil_log,1.211596246092205,.8534413571835513,.1557067947145663
1,1,var_coef,het_gas_log,.5866360975102374,.3830311675353443,.1256304806601682
1,1,var_coef,het_netexch_dk1,-.000325559655796,.0001317223468214,.0134525053973045
1,1,var_coef,het_netexch_fi,-.0002635988031769,.0000858149497792,.0021283503229341
1,1,var_coef,het_netexch_no1,.0000629367089451,.0001000354889094,.529254909159411
1,1,var_coef,het_netexch_se2,-.0001668640079343,.0000704909671769,.0179247624153986
1,1,var_coef,het_netexch_se4,.0001632080795336,.0000694030502105,.0186929608611468
1,1,var_coef,persistence,.7309035201243661,,
1,2,fit,N,8736,,
1,2,fit,ll,5972.554360028611,,
1,2,fit,AIC,-11891.10872005722,,
1,2,fit,BIC,-11700.07811221164,,
1,2,lbq_std,L1,.0270463000216065,,.8693709277317123
1,2,lbq_sq,L1,.1670443016608315,,.6827521013835725
1,2,lbq_std,L2,.035622727334167,,.9823463210893222
1,2,lbq_sq,L2,.4276837144151476,,.8074760714468274
1,2,lbq_std,L3,35.25586571576675,,1.07565814803e-07
1,2,lbq_sq,L3,.8745180789070972,,.8315724170202272
1,2,lbq_std,L4,39.72882107052781,,4.92495467220e-08
1,2,lbq_sq,L4,13.4625360336687,,.0092235514176057
1,2,lbq_std,L5,42.70110588529655,,4.24805613202e-08
1,2,lbq_sq,L5,14.24473985378746,,.0141273037618189
1,2,lbq_std,L10,72.18521749355398,,1.67524021046e-11
1,2,lbq_sq,L10,26.34674436543126,,.0033007851019418
1,2,lbq_std,L15,81.85071643915859,,3.19924183104e-11
1,2,lbq_sq,L15,44.73484587182204,,.000084308579922
1,2,lbq_std,L20,85.14987852046737,,5.15796831580e-10
1,2,lbq_sq,L20,53.35888436891874,,.0000719600449601
1,2,coef,_cons,2.242371074492134,1.066233654198046,.0354590719421028
1,2,coef,wind_log,-.1342062919167947,.013459411479337,0
1,2,coef,hydro_log_ds,-.3554996935944306,.3111778893801951,.2532743426473538
1,2,coef,consump_log_ds,1.472738881800499,.1635734697475157,0
1,2,coef,oil_log,-.3400593184128609,.3404350318184735,.3178448935914311
1,2,coef,gas_log,.026687344154794,.1516804881080245,.8603375627390824
1,2,coef,netexch_dk1,-.0000527223661384,9.90172873968e-06,1.01196719449e-07
1,2,coef,netexch_fi,5.82263129020e-06,8.12629552451e-06,.4736719919942582
1,2,coef,netexch_no1,-.0000270525038366,6.35715160939e-06,.00002086344094
1,2,coef,netexch_se2,-.0000259609210826,5.62558070760e-06,3.93476989924e-06
1,2,coef,netexch_se4,-.0000446308842658,4.51319605359e-06,0
1,2,coef,ar_L1,.9379319306469395,.0061034176815453,0
1,2,coef,ma_L1,.1083809399768878,.017664260505649,8.48352499361e-10
1,2,coef,ma_L2,-.0513947933150666,.0157234151213655,.0010805089305166
1,2,var_coef,omega,-10.90159430742693,2.556817298257122,.0000201036831617
1,2,var_coef,arch1,.1313127327906388,.0569450654551134,.0211131720565112
1,2,var_coef,garch1,.6044311978375996,.1512942372897747,.0000646749078919
1,2,var_coef,het_wind_log,-.0823454807892203,.057543564390759,.152427026877362
1,2,var_coef,het_hydro_log_ds,-.1300507525904829,.8726041927875766,.8815240379647418
1,2,var_coef,het_consump_log_ds,-1.461687824041294,.721732414118976,.0428418061684255
1,2,var_coef,het_oil_log,1.170811391805986,.8541028279751819,.1704346695278045
1,2,var_coef,het_gas_log,.6019876963481315,.3807513512651962,.1138661419697995
1,2,var_coef,het_netexch_dk1,-.0003331386898426,.0001321715556635,.0117187523320568
1,2,var_coef,het_netexch_fi,-.0002646388624898,.0000862427024031,.0021511019668559
1,2,var_coef,het_netexch_no1,.0000572216563557,.0000997045628857,.5660272758200848
1,2,var_coef,het_netexch_se2,-.0001686080836252,.0000709714764117,.017514930021888
1,2,var_coef,het_netexch_se4,.0001598435052784,.0000705632620378,.0234972764172787
1,2,var_coef,persistence,.7357439306282384,,
1,3,fit,N,8736,,
1,3,fit,ll,5993.087614056965,,
1,3,fit,AIC,-11930.17522811393,,
1,3,fit,BIC,-11732.06941257036,,
1,3,lbq_std,L1,.0762248367496719,,.7824801253113357
1,3,lbq_sq,L1,.2964360328605894,,.5861253831017956
1,3,lbq_std,L2,.8060455476015314,,.6682968794902684
1,3,lbq_sq,L2,.5982890379532169,,.741452247771698
1,3,lbq_std,L3,.9795500330890593,,.8062000759828551
1,3,lbq_sq,L3,1.798810328897279,,.6151938557777161
1,3,lbq_std,L4,16.58618871708426,,.0023254940304585
1,3,lbq_sq,L4,13.91039450845072,,.0075865996152913
1,3,lbq_std,L5,20.82378965579304,,.0008745583458911
1,3,lbq_sq,L5,14.73385359204999,,.0115621812267716
1,3,lbq_std,L10,51.99350398381807,,1.14427905751e-07
1,3,lbq_sq,L10,26.78737187315703,,.002813784093601
1,3,lbq_std,L15,57.2423645496832,,7.46489598213e-07
1,3,lbq_sq,L15,45.41013990841891,,.0000659554331699
1,3,lbq_std,L20,60.24730838266348,,6.52053339532e-06
1,3,lbq_sq,L20,54.43611493668399,,.0000498326253572
1,3,coef,_cons,2.019973536874276,1.113837084136419,.0697505904193028
1,3,coef,wind_log,-.1334017988049861,.0127358275846276,0
1,3,coef,hydro_log_ds,-.3036266548224222,.314677356250052,.3346036984631824
1,3,coef,consump_log_ds,1.459618466036556,.1623299926129589,0
1,3,coef,oil_log,-.2586937292297844,.3510455722905339,.4611688766304902
1,3,coef,gas_log,-.0083000620513371,.1587443803656531,.9583010424445937
1,3,coef,netexch_dk1,-.0000541562237289,9.88803088373e-06,4.32726101618e-08
1,3,coef,netexch_fi,5.21974399409e-06,8.11677674568e-06,.5201716153398577
1,3,coef,netexch_no1,-.0000267328305536,6.20723199476e-06,.0000165690671696
1,3,coef,netexch_se2,-.0000257968379942,5.44499244542e-06,2.16138436171e-06
1,3,coef,netexch_se4,-.0000447295955361,4.46233288078e-06,0
1,3,coef,ar_L1,.9506224960575964,.0055895795604291,0
1,3,coef,ma_L1,.0905519973145164,.0168745311849276,8.04157289647e-08
1,3,coef,ma_L2,-.0805891713948386,.0164964064881082,1.03294470843e-06
1,3,coef,ma_L3,-.083212520163021,.0142838076291909,5.68893931963e-09
1,3,var_coef,omega,-10.82752618866454,2.566283067678655,.0000245228061282
1,3,var_coef,arch1,.1302487940048759,.0571065913098482,.0225602008927031
1,3,var_coef,garch1,.6082071842265255,.1535662901934256,.0000747768974421
1,3,var_coef,het_wind_log,-.0829794878358479,.0580355891662981,.1527734276432196
1,3,var_coef,het_hydro_log_ds,-.1646300450856331,.8689309989453264,.8497301579172776
1,3,var_coef,het_consump_log_ds,-1.415552816918062,.7290642401637257,.0521852623534809
1,3,var_coef,het_oil_log,1.146919102964531,.8561123579500962,.1803484529652057
1,3,var_coef,het_gas_log,.6022160337878263,.3802803261960785,.1132823133859646
1,3,var_coef,het_netexch_dk1,-.000340284587859,.0001324307416055,.0101836963652764
1,3,var_coef,het_netexch_fi,-.0002681779213284,.0000871158654889,.0020811182804885
1,3,var_coef,het_netexch_no1,.0000538810176683,.0001001511225075,.5905790217599023
1,3,var_coef,het_netexch_se2,-.0001690165919685,.0000718843664586,.0187115246885814
1,3,var_coef,het_netexch_se4,.0001559875828188,.0000716000125283,.0293616085263988
1,3,var_coef,persistence,.7384559782314014,,
2,0,fit,N,8736,,
2,0,fit,ll,5959.729630075415,,
2,0,fit,AIC,-11867.45926015083,,
2,0,fit,BIC,-11683.50386000323,,
2,0,lbq_std,L1,.2981537407839176,,.5850421810932726
2,0,lbq_sq,L1,.1034863424170058,,.7476853330049811
2,0,lbq_std,L2,19.6864330912605,,.000053106217529
2,0,lbq_sq,L2,.164217907470185,,.9211715881433853
2,0,lbq_std,L3,42.64375245672783,,2.92915664980e-09
2,0,lbq_sq,L3,.6909209482515324,,.8753373279363824
2,0,lbq_std,L4,44.86712695856355,,4.23706871380e-09
2,0,lbq_sq,L4,13.59682658102946,,.0086994715042412
2,0,lbq_std,L5,45.45746246696972,,1.17111184122e-08
2,0,lbq_sq,L5,14.47689202823275,,.0128477334299971
2,0,lbq_std,L10,75.5021459613497,,3.79869140016e-12
2,0,lbq_sq,L10,27.24193223522559,,.0023843335265816
2,0,lbq_std,L15,88.05175447339231,,2.28699072224e-12
2,0,lbq_sq,L15,43.9830530501906,,.0001106378147736
2,0,lbq_std,L20,92.51367794881432,,2.68572789733e-11
2,0,lbq_sq,L20,53.07126788920051,,.0000793342484549
2,0,coef,_cons,2.310694615828331,1.044277337437391,.0269168720427964
2,0,coef,wind_log,-.1366479754513409,.0137954408672405,0
2,0,coef,hydro_log_ds,-.3516604416541319,.3058458612785226,.2502277768623762
2,0,coef,consump_log_ds,1.481855453886579,.1643485279920127,0
2,0,coef,oil_log,-.3641608276297861,.3352696913604555,.2774025379320215
2,0,coef,gas_log,.0399555566320157,.1479799455111983,.7871552037381075
2,0,coef,netexch_dk1,-.0000521782323986,9.97753476243e-06,1.69903293434e-07
2,0,coef,netexch_fi,7.07116237380e-06,8.12937514221e-06,.3843941214048057
2,0,coef,netexch_no1,-.0000269370554325,6.50206366709e-06,.0000343020688798
2,0,coef,netexch_se2,-.0000255911008896,5.75624588854e-06,8.75665955991e-06
2,0,coef,netexch_se4,-.0000445320204145,4.52088005848e-06,0
2,0,coef,ar_L1,1.04398958616371,.0141992064942831,0
2,0,coef,ar_L2,-.1059698594273895,.014067731401958,4.97379915032e-14
2,0,var_coef,omega,-10.94354950057575,2.552019985440451,.0000180134051799
2,0,var_coef,arch1,.1316792377118626,.0577787466750748,.0226655488086447
2,0,var_coef,garch1,.6036851583139273,.1532237018527128,.000081517587005
2,0,var_coef,het_wind_log,-.0806276795774934,.0585112356150739,.1682075259102884
2,0,var_coef,het_hydro_log_ds,-.0885269858005344,.8780779170061476,.9196941002175603
2,0,var_coef,het_consump_log_ds,-1.457331081939945,.7270242888874026,.0450149232845698
2,0,var_coef,het_oil_log,1.190029297840262,.8530998697814025,.1630317540472848
2,0,var_coef,het_gas_log,.5918084595854077,.3821488155026924,.1214698468903275
2,0,var_coef,het_netexch_dk1,-.0003235710679596,.0001328405296448,.0148594832477249
2,0,var_coef,het_netexch_fi,-.0002658136294047,.0000865598437882,.00213439344721
2,0,var_coef,het_netexch_no1,.0000597317119081,.0001013068175751,.5554508273308834
2,0,var_coef,het_netexch_se2,-.0001688064155847,.0000716971758573,.0185508353487156
2,0,var_coef,het_netexch_se4,.0001614808785771,.0000703073242631,.021630980181178
2,0,var_coef,persistence,.73536439602579,,
2,1,fit,N,8736,,
2,1,fit,ll,5969.380289597427,,
2,1,fit,AIC,-11884.76057919485,,
2,1,fit,BIC,-11693.72997134927,,
2,1,lbq_std,L1,.1195727618753866,,.7294983263892105
2,1,lbq_sq,L1,.1400689824346682,,.708212444054829
2,1,lbq_std,L2,3.125408740660429,,.2095685531798346
2,1,lbq_sq,L2,.3873405952806907,,.8239295109953914
2,1,lbq_std,L3,35.11068870178459,,1.15438345151e-07
2,1,lbq_sq,L3,.815070310411217,,.8458591220341982
2,1,lbq_std,L4,37.72214435679053,,1.27862478871e-07
2,1,lbq_sq,L4,13.48847951733514,,.0091199546399239
2,1,lbq_std,L5,39.1952839889189,,2.16930306137e-07
2,1,lbq_sq,L5,14.26758562757034,,.013996109860651
2,1,lbq_std,L10,68.51890356175663,,8.55800294834e-11
2,1,lbq_sq,L10,26.68423681151321,,.0029211421241328
2,1,lbq_std,L15,79.83185250023585,,7.49694507336e-11
2,1,lbq_sq,L15,44.56935929964659,,.0000895188132935
2,1,lbq_std,L20,83.74868377055058,,8.98895576246e-10
2,1,lbq_sq,L20,53.37082600571881,,.000071668793512
2,1,coef,_cons,2.18996373873521,1.048188331058578,.0366821117566083
2,1,coef,wind_log,-.1353193611764074,.0136667665278035,0
2,1,coef,hydro_log_ds,-.3821765147410992,.3065653516765258,.2125296659616751
2,1,coef,consump_log_ds,1.466185614765331,.1643488803445049,0
2,1,coef,oil_log,-.3319427752990197,.3365208793065405,.3239389350007347
2,1,coef,gas_log,.0349127633599527,.1493177991991761,.8151284888875816
2,1,coef,netexch_dk1,-.0000518628246806,9.92085668971e-06,1.71672658755e-07
2,1,coef,netexch_fi,6.50861802825e-06,8.13199168352e-06,.4234953286016743
2,1,coef,netexch_no1,-.0000270765436496,6.44458224755e-06,.0000265219268822
2,1,coef,netexch_se2,-.0000258196309964,5.72002588947e-06,6.36459140790e-06
2,1,coef,netexch_se4,-.0000444526438342,4.51105488000e-06,0
2,1,coef,ar_L1,.7401143927120633,.0578769578233281,0
2,1,coef,ar_L2,.1802353455842329,.0554008194592997,.0011407401205925
2,1,coef,ma_L1,.3148951311984112,.0528446838045933,2.53972443076e-09
2,1,var_coef,omega,-10.97953544903525,2.552033807887516,.0000169058033326
2,1,var_coef,arch1,.1329168358895116,.0572868091024652,.0203300781538807
2,1,var_coef,garch1,.6002829387966846,.1509979053841425,.0000702495944136
2,1,var_coef,het_wind_log,-.0806861815940315,.0576451059104143,.1616014751799077
2,1,var_coef,het_hydro_log_ds,-.1036830395613513,.8758630878074928,.9057680490496218
2,1,var_coef,het_consump_log_ds,-1.468699837375467,.7202384270907652,.0414315063764759
2,1,var_coef,het_oil_log,1.198463657049306,.8533623174160793,.1601992064486339
2,1,var_coef,het_gas_log,.5924944150307612,.3819008240143604,.1207974039924355
2,1,var_coef,het_netexch_dk1,-.0003299024127834,.0001319151806678,.0123889454593433
2,1,var_coef,het_netexch_fi,-.0002638858252316,.0000859631878832,.0021423527248132
2,1,var_coef,het_netexch_no1,.0000606034218425,.0000997275645796,.5433932421627441
2,1,var_coef,het_netexch_se2,-.0001677152542072,.0000706118003589,.0175407183814074
2,1,var_coef,het_netexch_se4,.0001620476341103,.0000698699610466,.0203801454333694
2,1,var_coef,persistence,.7331997746861962,,
2,2,fit,N,8736,,
2,2,fit,ll,6007.875919140126,,
2,2,fit,AIC,-11959.75183828025,,
2,2,fit,BIC,-11761.64602273668,,
2,2,lbq_std,L1,.0804213724202034,,.7767271901632813
2,2,lbq_sq,L1,.1775815157313302,,.673459938955159
2,2,lbq_std,L2,3.187943742361084,,.203117251887289
2,2,lbq_sq,L2,.3857989695746989,,.8245648512852025
2,2,lbq_std,L3,8.153396984877809,,.0429455833072228
2,2,lbq_sq,L3,1.274527239326842,,.7351905381347096
2,2,lbq_std,L4,8.153398558432544,,.0861179012378116
2,2,lbq_sq,L4,12.69890787932466,,.012844649661247
2,2,lbq_std,L5,8.242535279766022,,.1433658748867683
2,2,lbq_sq,L5,13.58415790899585,,.0184782416161278
2,2,lbq_std,L10,26.04601595462062,,.003678787487918
2,2,lbq_sq,L10,25.15465469641137,,.0050599425311444
2,2,lbq_std,L15,28.66072275941481,,.017780645591965
2,2,lbq_sq,L15,45.26935624533436,,.0000694264117265
2,2,lbq_std,L20,32.53446485329037,,.0379257837460508
2,2,lbq_sq,L20,54.41491177648871,,.0000501958800518
2,2,coef,_cons,2.625160886368632,1.237711633147266,.0339235353920371
2,2,coef,wind_log,-.142644260226037,.0124499757449566,0
2,2,coef,hydro_log_ds,-.1531644872596503,.3438876295579799,.6560371477732834
2,2,coef,consump_log_ds,1.487766774042117,.1641334578765203,0
2,2,coef,oil_log,-.3580182558080625,.3709682213313756,.3344990128286314
2,2,coef,gas_log,-.0525927914700068,.1748753660452743,.7636093895560885
2,2,coef,netexch_dk1,-.0000548621368717,9.91049944061e-06,3.09883358973e-08
2,2,coef,netexch_fi,3.35731531713e-06,8.10263582452e-06,.678618870724143
2,2,coef,netexch_no1,-.0000255896642379,6.26382624666e-06,.0000440182428818
2,2,coef,netexch_se2,-.0000237815741386,5.57870240460e-06,.0000201770813997
2,2,coef,netexch_se4,-.0000441397710577,4.46867906509e-06,0
2,2,coef,ar_L1,1.682998538109394,.0295827212573614,0
2,2,coef,ar_L2,-.691326297316227,.0281908518954077,0
2,2,coef,ma_L1,-.6476475442882742,.0306936823962451,0
2,2,coef,ma_L2,-.1644084411633866,.0131539902230789,0
2,2,var_coef,omega,-10.94583919393276,2.550696345789119,.0000177618864201
2,2,var_coef,arch1,.1334937701698388,.0609719887934327,.0285657574787557
2,2,var_coef,garch1,.5961992236708218,.164915611894027,.0003001418052941
2,2,var_coef,het_wind_log,-.0741500960386935,.0603555327134385,.2192386679225879
2,2,var_coef,het_hydro_log_ds,-.137579016243786,.8636414508888773,.8734316695573838
2,2,var_coef,het_consump_log_ds,-1.400164085550983,.7177621522703962,.0510885222916331
2,2,var_coef,het_oil_log,1.201872203946097,.8526238788087762,.1586531199368699
2,2,var_coef,het_gas_log,.555053109817998,.3813084224998342,.1454883071104005
2,2,var_coef,het_netexch_dk1,-.0003198285316731,.0001342891321946,.0172356810695191
2,2,var_coef,het_netexch_fi,-.0002486156942382,.0000897077532178,.0055816526595625
2,2,var_coef,het_netexch_no1,.0000576756618581,.0001018570383218,.5712297576333338
2,2,var_coef,het_netexch_se2,-.0001571727373014,.0000739102658226,.0334587717583479
2,2,var_coef,het_netexch_se4,.0001605144910233,.0000716001111524,.0249730714471708
2,2,var_coef,persistence,.7296929938406606,,
2,3,fit,N,8736,,
2,3,fit,ll,6012.111740142809,,
2,3,fit,AIC,-11966.22348028562,,
2,3,fit,BIC,-11761.04245704406,,
2,3,lbq_std,L1,.0084192012897404,,.9268917399804056
2,3,lbq_sq,L1,.2111634254364437,,.6458570474280662
2,3,lbq_std,L2,.1931020046425414,,.9079635881681898
2,3,lbq_sq,L2,.4234204824449075,,.8091991361520234
2,3,lbq_std,L3,.1986991161374342,,.977799031241404
2,3,lbq_sq,L3,1.435620006636163,,.6972068535381755
2,3,lbq_std,L4,.3594281437653907,,.9856618103645524
2,3,lbq_sq,L4,12.8407854727209,,.0120805235020355
2,3,lbq_std,L5,.3596870596067236,,.9963676055989225
2,3,lbq_sq,L5,13.79850330244828,,.0169413017946156
2,3,lbq_std,L10,16.55928681201532,,.0847026105432964
2,3,lbq_sq,L10,25.51279065827447,,.0044537760610288
2,3,lbq_std,L15,18.79623170624263,,.223116630648091
2,3,lbq_sq,L15,44.93546072016238,,.000078389064228
2,3,lbq_std,L20,22.97069692568269,,.2902356754694799
2,3,lbq_sq,L20,54.49955725880493,,.000048760995536
2,3,coef,_cons,2.44079226463798,1.229380822480851,.0471018325658168
2,3,coef,wind_log,-.1424631033918962,.0124618280203557,0
2,3,coef,hydro_log_ds,-.1682565955211497,.3405956535004033,.6213013218638861
2,3,coef,consump_log_ds,1.47939439621629,.1642748178068021,0
2,3,coef,oil_log,-.3135004596409776,.3701261523163843,.396989687101903
2,3,coef,gas_log,-.0523120046386945,.1733491717326701,.7628255323781612
2,3,coef,netexch_dk1,-.0000546230141831,9.89736383261e-06,3.41039425589e-08
2,3,coef,netexch_fi,3.80812133731e-06,8.11296287707e-06,.6387928599462582
2,3,coef,netexch_no1,-.0000254872529975,6.27251090268e-06,.0000483785088439
2,3,coef,netexch_se2,-.0000234834847437,5.59091698187e-06,.0000266570780145
2,3,coef,netexch_se4,-.0000439561777807,4.45348957163e-06,0
2,3,coef,ar_L1,1.598428371711464,.0531455173350319,0
2,3,coef,ar_L2,-.6096878426088648,.0507669916391977,0
2,3,coef,ma_L1,-.5579359641440056,.0550063305008904,0
2,3,coef,ma_L2,-.1448677201894109,.0146782890642078,0
2,3,coef,ma_L3,-.0462169652304032,.0150927185107985,.0021971452207101
2,3,var_coef,omega,-10.98823344623982,2.555851029122888,.0000171379820524
2,3,var_coef,arch1,.13389436437944,.061265699652264,.0288543844180695
2,3,var_coef,garch1,.5964606234338562,.16545059817981,.0003120714496707
2,3,var_coef,het_wind_log,-.0735684640077383,.0607724222909008,.2260653412454494
2,3,var_coef,het_hydro_log_ds,-.1218736078248825,.8647072997058054,.8879157332335392
2,3,var_coef,het_consump_log_ds,-1.382553798954592,.721236575242307,.0552479226039713
2,3,var_coef,het_oil_log,1.219621410247715,.8544608463812219,.1534767690620706
2,3,var_coef,het_gas_log,.5439198482296821,.382563117984032,.1550906903556917
2,3,var_coef,het_netexch_dk1,-.0003200522333676,.000134539529904,.0173657354411485
2,3,var_coef,het_netexch_fi,-.000250449345459,.0000899457556923,.0053618796717043
2,3,var_coef,het_netexch_no1,.0000588439046626,.0001023992211022,.5655267592427018
2,3,var_coef,het_netexch_se2,-.000156968900037,.0000742391527069,.0344838356941126
2,3,var_coef,het_netexch_se4,.0001608125476727,.000071621674849,.0247485207413567
2,3,var_coef,persistence,.7303549878132962,,
3,0,fit,N,8736,,
3,0,fit,ll,5977.852040745152,,
3,0,fit,AIC,-11901.7040814903,,
3,0,fit,BIC,-11710.67347364472,,
3,0,lbq_std,L1,.2252500641021835,,.6350684230435757
3,0,lbq_sq,L1,.1730457326367926,,.6774190335657176
3,0,lbq_std,L2,.8244146616802209,,.6621869700379204
3,0,lbq_sq,L2,.4719994932541386,,.7897808740418721
3,0,lbq_std,L3,25.22341500932365,,.000013865681711
3,0,lbq_sq,L3,1.083856218282445,,.780972616661363
3,0,lbq_std,L4,32.14710618173486,,1.78512444611e-06
3,0,lbq_sq,L4,13.49864242921461,,.0090796833503198
3,0,lbq_std,L5,35.79911492384664,,1.04186279550e-06
3,0,lbq_sq,L5,14.19658339213967,,.0144077514527102
3,0,lbq_std,L10,65.29389510194532,,3.56099710431e-10
3,0,lbq_sq,L10,26.37931791510315,,.0032621637046994
3,0,lbq_std,L15,74.41757930771675,,7.21272207167e-10
3,0,lbq_sq,L15,45.14425040868145,,.0000726604630051
3,0,lbq_std,L20,77.59583203990549,,1.00084650531e-08
3,0,lbq_sq,L20,53.81096141068612,,.000061700907369
3,0,coef,_cons,2.225856466141844,1.075159061608237,.0384282063064851
3,0,coef,wind_log,-.1344363311141439,.0133448677432931,0
3,0,coef,hydro_log_ds,-.3277048639279112,.3135101537733743,.2958950958568565
3,0,coef,consump_log_ds,1.470859225272966,.1637888817012427,0
3,0,coef,oil_log,-.327826932614724,.3418805765933768,.3376125912889807
3,0,coef,gas_log,.0169504336640934,.1524350407778837,.9114595352449553
3,0,coef,netexch_dk1,-.0000530150172038,9.91301394378e-06,8.89206319687e-08
3,0,coef,netexch_fi,5.77459377896e-06,8.12634763729e-06,.4773312927685498
3,0,coef,netexch_no1,-.0000268749002836,6.35311622103e-06,.0000233492121291
3,0,coef,netexch_se2,-.0000257901234201,5.62694971789e-06,4.57646088714e-06
3,0,coef,netexch_se4,-.0000443685316435,4.50186998453e-06,0
3,0,coef,ar_L1,1.054262495499205,.0147511284811455,0
3,0,coef,ar_L2,-.1843598905192331,.0194829501216745,0
3,0,coef,ar_L3,.0721158246861595,.0120697580702983,2.30204788565e-09
3,0,var_coef,omega,-10.91321023237647,2.553874431219325,.0000192689503906
3,0,var_coef,arch1,.1335414594762417,.0571617712337001,.0194807022752304
3,0,var_coef,garch1,.5985296520882064,.1505132452200159,.0000699101835764
3,0,var_coef,het_wind_log,-.0813143716215047,.0571670472957505,.1549103481476042
3,0,var_coef,het_hydro_log_ds,-.1366098033759336,.8710715664598205,.8753791458531162
3,0,var_coef,het_consump_log_ds,-1.468474495751733,.7176352659365078,.0407299533402887
3,0,var_coef,het_oil_log,1.174705056731082,.8537110598862226,.1688221270787151
3,0,var_coef,het_gas_log,.6008395300850488,.3811116199297676,.1149003102432038
3,0,var_coef,het_netexch_dk1,-.0003343979594262,.0001312563549306,.0108444807627293
3,0,var_coef,het_netexch_fi,-.0002634949067708,.0000856444788159,.0020936701224348
3,0,var_coef,het_netexch_no1,.0000591226485933,.0000987673247049,.5494360901427036
3,0,var_coef,het_netexch_se2,-.000167091256802,.0000701212898112,.0171773684667387
3,0,var_coef,het_netexch_se4,.0001603753416026,.0000698419832451,.0216610286020678
3,0,var_coef,persistence,.732071111564448,,
3,1,fit,N,8736,,
3,1,fit,ll,6010.533426215682,,
3,1,fit,AIC,-11965.06685243136,,
3,1,fit,BIC,-11766.96103688779,,
3,1,lbq_std,L1,.0015840599755497,,.968252376163484
3,1,lbq_sq,L1,.196511441777645,,.6575515685858766
3,1,lbq_std,L2,.4046550338649341,,.8168273593369189
3,1,lbq_sq,L2,.3829283731504116,,.8257491974837186
3,1,lbq_std,L3,.9413726548842944,,.8154338723912884
3,1,lbq_sq,L3,1.365761516979896,,.7135796759546787
3,1,lbq_std,L4,1.518452815960899,,.8233678329999528
3,1,lbq_sq,L4,12.61716738841581,,.0133060802269337
3,1,lbq_std,L5,1.535341896586902,,.9089556874284811
3,1,lbq_sq,L5,13.56698887666029,,.0186069996575615
3,1,lbq_std,L10,17.32712081944548,,.0674318228914401
3,1,lbq_sq,L10,25.19668860365342,,.0049848946068286
3,1,lbq_std,L15,19.51537399124549,,.1913218883268493
3,1,lbq_sq,L15,44.8042592003427,,.0000822125432785
3,1,lbq_std,L20,23.78631895461302,,.2518508546381166
3,1,lbq_sq,L20,54.28706091700028,,.0000524416898897
3,1,coef,_cons,2.615346692652657,1.254880832851432,.0371474813534887
3,1,coef,wind_log,-.142951413013326,.0124783397414863,0
3,1,coef,hydro_log_ds,-.1300382017543387,.3481556943994592,.7087719640048207
3,1,coef,consump_log_ds,1.491750753284147,.1645632064320689,0
3,1,coef,oil_log,-.3503419886373975,.3734349702910245,.3481618652126861
3,1,coef,gas_log,-.0595410099859419,.1747583516200199,.7333258215513643
3,1,coef,netexch_dk1,-.0000550098157602,9.92130969435e-06,2.94606206097e-08
3,1,coef,netexch_fi,3.61522413099e-06,8.11044795393e-06,.6557785593468082
3,1,coef,netexch_no1,-.0000253876547595,6.28158877219e-06,.0000530882529983
3,1,coef,netexch_se2,-.0000232932879592,5.61775110138e-06,.0000337784322924
3,1,coef,netexch_se4,-.0000438285193654,4.46312462735e-06,0
3,1,coef,ar_L1,1.842870942875194,.0354024618924279,0
3,1,coef,ar_L2,-1.010813549678611,.0390375186367374,0
3,1,coef,ar_L3,.1591359677295628,.0133581786261007,0
3,1,coef,ma_L1,-.8032595968479905,.0343526420923596,0
3,1,var_coef,omega,-10.96825397816069,2.553461990459972,.000017434373945
3,1,var_coef,arch1,.1339935998290404,.0614336543395228,.0291752308082516
3,1,var_coef,garch1,.5957846982647076,.165688073823946,.0003233697837415
3,1,var_coef,het_wind_log,-.0733800849384777,.0608042583636999,.2274996357542565
3,1,var_coef,het_hydro_log_ds,-.118656544368148,.8645003882547346,.8908296558176731
3,1,var_coef,het_consump_log_ds,-1.385242840391439,.7196739077493255,.0542518619980694
3,1,var_coef,het_oil_log,1.213067872719981,.8536576365723385,.1553098221217164
3,1,var_coef,het_gas_log,.5457932576109494,.3823946338798376,.1534923882884289
3,1,var_coef,het_netexch_dk1,-.000318522008669,.0001346748594385,.0180243001042495
3,1,var_coef,het_netexch_fi,-.0002494444429621,.0000896943522902,.0054183457303472
3,1,var_coef,het_netexch_no1,.000059125211393,.0001024877043951,.5640066498483816
3,1,var_coef,het_netexch_se2,-.0001560354309746,.0000742353223331,.0355617922894087
3,1,var_coef,het_netexch_se4,.0001614460570154,.0000715177769144,.0239814965867193
3,1,var_coef,persistence,.7297782980937479,,
3,2,fit,N,8736,,
3,2,fit,ll,6010.548191236369,,
3,2,fit,AIC,-11963.09638247274,,
3,2,fit,BIC,-11757.91535923118,,
3,2,lbq_std,L1,.0035244674218374,,.9526596175408734
3,2,lbq_sq,L1,.1978001694245582,,.6565023759091043
3,2,lbq_std,L2,.5526650606977165,,.7585606443814209
3,2,lbq_sq,L2,.3872070782809662,,.8239845171295808
3,2,lbq_std,L3,1.201162917225118,,.7527254095941964
3,2,lbq_sq,L3,1.367544679138305,,.7131597573795545
3,2,lbq_std,L4,1.68919788386893,,.7926788949781876
3,2,lbq_sq,L4,12.6336766497554,,.0132116004541896
3,2,lbq_std,L5,1.699060055759508,,.8890181551855528
3,2,lbq_sq,L5,13.5782462342679,,.0185224786694173
3,2,lbq_std,L10,17.5868987441539,,.0623449311715024
3,2,lbq_sq,L10,25.19860907273325,,.0049814914163331
3,2,lbq_std,L15,19.79014171528992,,.1801317693404433
3,2,lbq_sq,L15,44.84391712208587,,.0000810379889574
3,2,lbq_std,L20,24.04165288944122,,.2405774089004366
3,2,lbq_sq,L20,54.30413101056355,,.000052136256814
3,2,coef,_cons,2.615317109588057,1.254375963875822,.0370734092176639
3,2,coef,wind_log,-.1429654211582487,.0124746881484101,0
3,2,coef,hydro_log_ds,-.1310627183646185,.3479449151468676,.7064139316943669
3,2,coef,consump_log_ds,1.491130003223434,.1645360155662656,0
3,2,coef,oil_log,-.3503510131108174,.3734152610738192,.3481240053049488
3,2,coef,gas_log,-.0593971297997195,.1747949028164553,.7339992983775745
3,2,coef,netexch_dk1,-.000054990975708,9.92049181142e-06,2.97043680764e-08
3,2,coef,netexch_fi,3.60427523300e-06,8.10749822157e-06,.6566372404509795
3,2,coef,netexch_no1,-.0000253988139006,6.27845816265e-06,.0000522360169559
3,2,coef,netexch_se2,-.00002332436303,5.61109947465e-06,.0000322699865856
3,2,coef,netexch_se4,-.0000438356522197,4.46301693012e-06,0
3,2,coef,ar_L1,1.83175400305645,.069816538604011,0
3,2,coef,ar_L2,-.9890958328007728,.1227124238340676,6.66133814775e-16
3,2,coef,ar_L3,.1485584381071512,.0575754753983451,.0098732200949243
3,2,coef,ma_L1,-.791874943014962,.0701842046014052,0
3,2,coef,ma_L2,-.0116818352711271,.061591402416693,.849570351946235
3,2,var_coef,omega,-10.96947278095692,2.553783974273872,.0000174394298651
3,2,var_coef,arch1,.1339829807845394,.0614438465379388,.0292147874476369
3,2,var_coef,garch1,.5957689108900844,.1657637116687964,.0003255332477461
3,2,var_coef,het_wind_log,-.073431870403376,.06077954427365,.2269828379162204
3,2,var_coef,het_hydro_log_ds,-.1199782138241418,.8640793775166002,.889567957794406
3,2,var_coef,het_consump_log_ds,-1.386225767080266,.7198670625055128,.0541457030322605
3,2,var_coef,het_oil_log,1.213154016689094,.8538453738130786,.155371331450382
3,2,var_coef,het_gas_log,.5462185647991149,.3823546422549097,.1531292206639585
3,2,var_coef,het_netexch_dk1,-.0003187352476386,.0001346102023638,.017892334190686
3,2,var_coef,het_netexch_fi,-.0002493977000213,.0000897701976161,.0054664453669531
3,2,var_coef,het_netexch_no1,.0000590274211256,.0001024466036207,.5644952568545554
3,2,var_coef,het_netexch_se2,-.0001561371845678,.0000742034554456,.0353630332083212
3,2,var_coef,het_netexch_se4,.000161366021843,.0000715128238399,.0240416667637398
3,2,var_coef,persistence,.7297518916746238,,
3,3,fit,N,8736,,
3,3,fit,ll,6013.178280361802,,
3,3,fit,AIC,-11966.3565607236,,
3,3,fit,BIC,-11754.10032978406,,
3,3,lbq_std,L1,.0001183387056012,,.9913204960883335
3,3,lbq_sq,L1,.2198130625917838,,.6391823922127893
3,3,lbq_std,L2,.6805749734024946,,.711565727671066
3,3,lbq_sq,L2,.4890780157497294,,.7830654420508208
3,3,lbq_std,L3,.7986531898160933,,.8497891454620369
3,3,lbq_sq,L3,1.471534982001156,,.6888554506440179
3,3,lbq_std,L4,1.174840321745189,,.8822233685479984
3,3,lbq_sq,L4,13.15294471213792,,.0105521605018284
3,3,lbq_std,L5,1.248133482747484,,.9401771132375513
3,3,lbq_sq,L5,14.04019780500302,,.0153560804760655
3,3,lbq_std,L10,18.46820879759421,,.0475608548715278
3,3,lbq_sq,L10,25.83107522818537,,.0039741472655073
3,3,lbq_std,L15,20.90990153833133,,.139732782102654
3,3,lbq_sq,L15,45.50071532447888,,.0000638127513843
3,3,lbq_std,L20,24.90638829547944,,.2050359449854829
3,3,lbq_sq,L20,54.94833261103143,,.0000417978062952
3,3,coef,_cons,2.244295172606046,1.217076850356268,.0651824863221453
3,3,coef,wind_log,-.1418713978616206,.012525310835649,0
3,3,coef,hydro_log_ds,-.2246133729337162,.3446039440804822,.5145292239984589
3,3,coef,consump_log_ds,1.462814423589971,.1649527199889607,0
3,3,coef,oil_log,-.2763012691594167,.3689843639455292,.453968321090775
3,3,coef,gas_log,-.0386445736214283,.1724533297463131,.8226894980562571
3,3,coef,netexch_dk1,-.0000539593988721,9.91475858457e-06,5.25878174340e-08
3,3,coef,netexch_fi,3.93906965342e-06,8.11234953113e-06,.6272759092984779
3,3,coef,netexch_no1,-.0000256995682395,6.25462849844e-06,.0000397568744273
3,3,coef,netexch_se2,-.0000239209857927,5.61162098000e-06,.000020191858205
3,3,coef,netexch_se4,-.0000443043836002,4.49102322469e-06,0
3,3,coef,ar_L1,1.187613101456943,.7054929608221847,.0923014534295121
3,3,coef,ar_L2,.1044977564287246,1.24131251973136,.9329107135360337
3,3,coef,ar_L3,-.305966111957777,.5407741173505921,.5715346290553027
3,3,coef,ma_L1,-.148109462770446,.7019308947464249,.8328849991141722
3,3,coef,ma_L2,-.4363562360052868,.5242784142290851,.4052403713223405
3,3,coef,ma_L3,-.1050525006871302,.0861795142575952,.2228456335004465
3,3,var_coef,omega,-11.0007477101842,2.555881588950566,.0000167672511657
3,3,var_coef,arch1,.1332165742374076,.0608739358397627,.0286404148693742
3,3,var_coef,garch1,.5976307862194126,.1653911811426836,.0003021635811005
3,3,var_coef,het_wind_log,-.0739240938431222,.0606836922033152,.2231528630058957
3,3,var_coef,het_hydro_log_ds,-.1316852455261049,.8646824830836024,.8789557033065707
3,3,var_coef,het_consump_log_ds,-1.38863288966821,.7206773847189616,.0539990750343762
3,3,var_coef,het_oil_log,1.219912235743715,.8542487573620462,.1532766933462437
3,3,var_coef,het_gas_log,.5479037362287451,.3820385715644062,.1515271328444896
3,3,var_coef,het_netexch_dk1,-.0003206737697993,.000134338751574,.0169840254485381
3,3,var_coef,het_netexch_fi,-.000250836634976,.000090258376072,.0054510518572894
3,3,var_coef,het_netexch_no1,.0000583928435022,.0001023500576113,.5683244739061133
3,3,var_coef,het_netexch_se2,-.0001580988306767,.0000742701571182,.0332791476812819
3,3,var_coef,het_netexch_se4,.0001599816598747,.0000719125654133,.0261034622465799
3,3,var_coef,persistence,.7308473604568202,,
