spec_num,spec_id,spec_label,variable,coef,se,pval,stars,obs,ll,aic,bic
1,full,Full model (all partners),_cons,2.354867085560083,.8322705,.004662822,***,8736,7140.437,-14254.874,-14162.896
1,full,Full model (all partners),wind_log,-.1704815332412006,.01599401,0,***,8736,7140.437,-14254.874,-14162.896
1,full,Full model (all partners),hydro_log_ds,.0526047287349504,.15255494,.7302261,,8736,7140.437,-14254.874,-14162.896
1,full,Full model (all partners),consump_log_ds,.7970596444796931,.14396775,3.0879320e-08,***,8736,7140.437,-14254.874,-14162.896
1,full,Full model (all partners),oil_log,-.5490347547953626,.27459645,.04556248,**,8736,7140.437,-14254.874,-14162.896
1,full,Full model (all partners),gas_log,.2086024079680315,.13652574,.12652877,,8736,7140.437,-14254.874,-14162.896
1,full,Full model (all partners),netexch_no3,-.0000892229677377,5.0658005e-06,0,***,8736,7140.437,-14254.874,-14162.896
1,full,Full model (all partners),netexch_no4,-.0000869834062817,6.9739403e-06,0,***,8736,7140.437,-14254.874,-14162.896
1,full,Full model (all partners),netexch_se1,-.0000611077981372,6.0090674e-06,0,***,8736,7140.437,-14254.874,-14162.896
1,full,Full model (all partners),netexch_se3,-.0000864397993878,4.8469005e-06,0,***,8736,7140.437,-14254.874,-14162.896
1,full,Full model (all partners),ar_L1,.9246773004075067,.0076698568,0,***,8736,7140.437,-14254.874,-14162.896
1,full,Full model (all partners),ma_L1,.1981937958459188,.024434561,4.4408921e-16,***,8736,7140.437,-14254.874,-14162.896
2,no_no3,Drop NO3,_cons,2.231886229694576,.86541361,.0099091921,***,8736,7005.3765,-13986.753,-13901.851
2,no_no3,Drop NO3,wind_log,-.112246705138178,.015853692,1.4399593e-12,***,8736,7005.3765,-13986.753,-13901.851
2,no_no3,Drop NO3,hydro_log_ds,.0343613494809682,.14213274,.80896974,,8736,7005.3765,-13986.753,-13901.851
2,no_no3,Drop NO3,consump_log_ds,.8114630365361906,.14647637,3.0266154e-08,***,8736,7005.3765,-13986.753,-13901.851
2,no_no3,Drop NO3,oil_log,-.5693797290049109,.28518546,.045876857,**,8736,7005.3765,-13986.753,-13901.851
2,no_no3,Drop NO3,gas_log,.2307637654744429,.14261429,.1056417,,8736,7005.3765,-13986.753,-13901.851
2,no_no3,Drop NO3,netexch_no4,-.0000308394450351,6.5180411e-06,2.2297929e-06,***,8736,7005.3765,-13986.753,-13901.851
2,no_no3,Drop NO3,netexch_se1,-.0000151253826654,5.2422411e-06,.0039105397,***,8736,7005.3765,-13986.753,-13901.851
2,no_no3,Drop NO3,netexch_se3,-.0000282620788379,3.2534183e-06,0,***,8736,7005.3765,-13986.753,-13901.851
2,no_no3,Drop NO3,ar_L1,.9280863823274518,.0076935636,0,***,8736,7005.3765,-13986.753,-13901.851
2,no_no3,Drop NO3,ma_L1,.187956737252019,.024282467,9.9920072e-15,***,8736,7005.3765,-13986.753,-13901.851
3,no_no4,Drop NO4,_cons,2.362077295428281,.84362841,.0051118038,***,8736,7057.0635,-14090.127,-14005.225
3,no_no4,Drop NO4,wind_log,-.1362790455891778,.016027831,0,***,8736,7057.0635,-14090.127,-14005.225
3,no_no4,Drop NO4,hydro_log_ds,.0777080566433917,.14090097,.58128524,,8736,7057.0635,-14090.127,-14005.225
3,no_no4,Drop NO4,consump_log_ds,.7966771952325543,.14523111,4.1210988e-08,***,8736,7057.0635,-14090.127,-14005.225
3,no_no4,Drop NO4,oil_log,-.5756670891889857,.27821633,.038533449,**,8736,7057.0635,-14090.127,-14005.225
3,no_no4,Drop NO4,gas_log,.2127414704072505,.13813069,.12352469,,8736,7057.0635,-14090.127,-14005.225
3,no_no4,Drop NO4,netexch_no3,-.0000539091632385,4.8262295e-06,0,***,8736,7057.0635,-14090.127,-14005.225
3,no_no4,Drop NO4,netexch_se1,-.0000278922833714,5.8063351e-06,1.5570783e-06,***,8736,7057.0635,-14090.127,-14005.225
3,no_no4,Drop NO4,netexch_se3,-.0000497314741119,4.2833076e-06,0,***,8736,7057.0635,-14090.127,-14005.225
3,no_no4,Drop NO4,ar_L1,.9254762161259451,.0078325327,0,***,8736,7057.0635,-14090.127,-14005.225
3,no_no4,Drop NO4,ma_L1,.1905069366347582,.024274098,4.2188475e-15,***,8736,7057.0635,-14090.127,-14005.225
4,no_se1,Drop SE1,_cons,2.317447609655263,.85335881,.0066140252,***,8736,7087.8003,-14151.601,-14066.698
4,no_se1,Drop SE1,wind_log,-.13658552825668,.015729822,0,***,8736,7087.8003,-14151.601,-14066.698
4,no_se1,Drop SE1,hydro_log_ds,.0913194474046406,.15218936,.54848069,,8736,7087.8003,-14151.601,-14066.698
4,no_se1,Drop SE1,consump_log_ds,.803330389073005,.14553949,3.3963104e-08,***,8736,7087.8003,-14151.601,-14066.698
4,no_se1,Drop SE1,oil_log,-.56373635969862,.28059548,.044529554,**,8736,7087.8003,-14151.601,-14066.698
4,no_se1,Drop SE1,gas_log,.201020283141051,.14006327,.15122709,,8736,7087.8003,-14151.601,-14066.698
4,no_se1,Drop SE1,netexch_no3,-.0000634136560543,5.0403414e-06,0,***,8736,7087.8003,-14151.601,-14066.698
4,no_se1,Drop SE1,netexch_no4,-.0000572863686889,6.6747903e-06,0,***,8736,7087.8003,-14151.601,-14066.698
4,no_se1,Drop SE1,netexch_se3,-.000054203643586,3.7620980e-06,0,***,8736,7087.8003,-14151.601,-14066.698
4,no_se1,Drop SE1,ar_L1,.9286236225736918,.0074102865,0,***,8736,7087.8003,-14151.601,-14066.698
4,no_se1,Drop SE1,ma_L1,.1839505793834512,.024238637,3.2196468e-14,***,8736,7087.8003,-14151.601,-14066.698
5,no_se3,Drop SE3,_cons,2.036293757264342,.89805138,.023362262,**,8736,6960.9541,-13897.908,-13813.006
5,no_se3,Drop SE3,wind_log,-.0891567802059178,.015612039,1.1246531e-08,***,8736,6960.9541,-13897.908,-13813.006
5,no_se3,Drop SE3,hydro_log_ds,.07892138330831,.15326323,.60659486,,8736,6960.9541,-13897.908,-13813.006
5,no_se3,Drop SE3,consump_log_ds,.8073828264054408,.1488691,5.8462309e-08,***,8736,6960.9541,-13897.908,-13813.006
5,no_se3,Drop SE3,oil_log,-.549154860507683,.29383919,.06163729,*,8736,6960.9541,-13897.908,-13813.006
5,no_se3,Drop SE3,gas_log,.2450399278977859,.14872187,.099426828,*,8736,6960.9541,-13897.908,-13813.006
5,no_se3,Drop SE3,netexch_no3,-8.99503004411e-06,3.0966498e-06,.0036753265,***,8736,6960.9541,-13897.908,-13813.006
5,no_se3,Drop SE3,netexch_no4,-6.55053701528e-06,5.7848119e-06,.25747967,,8736,6960.9541,-13897.908,-13813.006
5,no_se3,Drop SE3,netexch_se1,.0000176366746789,4.7477956e-06,.00020343839,***,8736,6960.9541,-13897.908,-13813.006
5,no_se3,Drop SE3,ar_L1,.9335283496360547,.007207348,0,***,8736,6960.9541,-13897.908,-13813.006
5,no_se3,Drop SE3,ma_L1,.1843507834433114,.024680465,8.0602192e-14,***,8736,6960.9541,-13897.908,-13813.006
