zone,year,variable,adf_stat,adf_pval,adf_lags,adf_stationary,dfgls_stat,dfgls_pval,dfgls_stationary
SE1,2015,price_ds,-7.7628,0.0,32,True,-5.8469,0.0,True
SE1,2015,wind_log,-7.8745,0.0,37,True,-4.1594,0.0,True
SE1,2015,hydro_log_ds,-5.7585,0.0,0,True,-3.9813,0.0001,True
SE1,2015,consump_log_ds,-8.8794,0.0,28,True,-2.3613,0.0183,True
SE1,2015,oil_log,-1.0008,0.753,3,False,-0.2068,0.6181,False
SE1,2015,gas_log,0.8876,0.9929,0,False,1.3868,0.9612,False
SE1,2015,netexch_fi,-9.8073,0.0,36,True,-2.6789,0.0075,True
SE1,2015,netexch_no4,-7.0646,0.0,32,True,-3.0816,0.0022,True
SE1,2015,netexch_se2,-7.7844,0.0,33,True,-3.4081,0.0007,True
SE1,2016,price_ds,-8.0666,0.0,27,True,-6.6091,0.0,True
SE1,2016,wind_log,-9.017,0.0,31,True,-4.3959,0.0,True
SE1,2016,hydro_log_ds,-5.9215,0.0,0,True,-2.9071,0.0038,True
SE1,2016,consump_log_ds,-8.1687,0.0,31,True,-3.836,0.0002,True
SE1,2016,oil_log,-1.0469,0.7358,0,False,-0.1412,0.6429,False
SE1,2016,gas_log,-0.0248,0.9564,0,False,-0.2911,0.5852,False
SE1,2016,netexch_fi,-8.0933,0.0,28,True,-7.7245,0.0,True
SE1,2016,netexch_no4,-8.4671,0.0,33,True,-4.7985,0.0,True
SE1,2016,netexch_se2,-10.4014,0.0,34,True,-5.7185,0.0,True
SE1,2017,price_ds,-10.6215,0.0,26,True,-5.8082,0.0,True
SE1,2017,wind_log,-10.6442,0.0,30,True,-7.0646,0.0,True
SE1,2017,hydro_log_ds,-5.7131,0.0,0,True,-3.6783,0.0003,True
SE1,2017,consump_log_ds,-7.8368,0.0,35,True,-5.045,0.0,True
SE1,2017,oil_log,-1.0234,0.7446,4,False,-1.062,0.2683,False
SE1,2017,gas_log,-0.728,0.8394,0,False,-0.7897,0.3842,False
SE1,2017,netexch_fi,-9.7419,0.0,31,True,-2.1832,0.0291,True
SE1,2017,netexch_no4,-7.753,0.0,35,True,-3.4429,0.0006,True
SE1,2017,netexch_se2,-9.0409,0.0,33,True,-4.2538,0.0,True
SE1,2018,price_ds,-9.811,0.0,29,True,-4.7405,0.0,True
SE1,2018,wind_log,-9.5985,0.0,33,True,-6.8977,0.0,True
SE1,2018,hydro_log_ds,-4.9004,0.0,0,True,-3.851,0.0001,True
SE1,2018,consump_log_ds,-6.3694,0.0,37,True,-4.2068,0.0,True
SE1,2018,oil_log,0.4699,0.9839,30,False,-0.1249,0.6489,False
SE1,2018,gas_log,-1.2022,0.6726,0,False,-0.4595,0.5169,False
SE1,2018,netexch_fi,-11.6655,0.0,33,True,-3.9528,0.0001,True
SE1,2018,netexch_no4,-7.2173,0.0,30,True,-5.4407,0.0,True
SE1,2018,netexch_se2,-6.9311,0.0,33,True,-5.5138,0.0,True
SE1,2019,price_ds,-10.4458,0.0,31,True,-10.386,0.0,True
SE1,2019,wind_log,-8.6497,0.0,36,True,-6.7736,0.0,True
SE1,2019,hydro_log_ds,-6.0329,0.0,0,True,-3.8532,0.0001,True
SE1,2019,consump_log_ds,-6.5516,0.0,35,True,-4.6779,0.0,True
SE1,2019,oil_log,-3.2711,0.0162,8,True,0.0228,0.7014,False
SE1,2019,gas_log,-2.0689,0.2572,0,False,0.0127,0.698,False
SE1,2019,netexch_fi,-10.8983,0.0,29,True,-2.697,0.0071,True
SE1,2019,netexch_no4,-7.4367,0.0,36,True,-2.4499,0.0144,True
SE1,2019,netexch_se2,-9.0757,0.0,33,True,-3.2706,0.0012,True
SE1,2020,price_ds,-8.0345,0.0,27,True,-6.3055,0.0,True
SE1,2020,wind_log,-8.6436,0.0,33,True,-6.3932,0.0,True
SE1,2020,hydro_log_ds,-5.4972,0.0,0,True,-5.1707,0.0,True
SE1,2020,consump_log_ds,-7.0075,0.0,31,True,-6.9477,0.0,True
SE1,2020,oil_log,-1.9773,0.2966,36,False,-0.8456,0.359,False
SE1,2020,gas_log,0.5474,0.9862,1,False,-0.1175,0.6517,False
SE1,2020,netexch_fi,-9.1515,0.0,33,True,-2.1461,0.0319,True
SE1,2020,netexch_no4,-5.5303,0.0,34,True,-3.1534,0.0017,True
SE1,2020,netexch_se2,-10.0521,0.0,31,True,-7.8982,0.0,True
SE1,2021,price_ds,-7.1588,0.0,24,True,-6.9962,0.0,True
SE1,2021,wind_log,-11.108,0.0,26,True,-8.4656,0.0,True
SE1,2021,hydro_log_ds,-5.3811,0.0,24,True,-2.5524,0.0108,True
SE1,2021,consump_log_ds,-6.724,0.0,35,True,-4.0002,0.0001,True
SE1,2021,oil_log,-2.4191,0.1364,28,False,0.422,0.8189,False
SE1,2021,gas_log,-0.4277,0.9054,0,False,0.8456,0.9028,False
SE1,2021,netexch_fi,-7.2633,0.0,27,True,-5.2495,0.0,True
SE1,2021,netexch_no4,-7.469,0.0,25,True,-4.1299,0.0,True
SE1,2021,netexch_se2,-7.4504,0.0,32,True,-6.8175,0.0,True
SE1,2022,price_ds,-9.0207,0.0,25,True,-5.4,0.0,True
SE1,2022,wind_log,-9.5222,0.0,37,True,-5.8215,0.0,True
SE1,2022,hydro_log_ds,-6.4778,0.0,0,True,-4.1475,0.0,True
SE1,2022,consump_log_ds,-6.5867,0.0,32,True,-5.111,0.0,True
SE1,2022,oil_log,-1.9691,0.3003,29,False,-0.9893,0.2973,False
SE1,2022,gas_log,-1.5521,0.5076,0,False,-1.219,0.2112,False
SE1,2022,netexch_fi,-5.4948,0.0,37,True,-4.5039,0.0,True
SE1,2022,netexch_no4,-7.5849,0.0,28,True,-6.397,0.0,True
SE1,2022,netexch_se2,-7.3767,0.0,32,True,-4.97,0.0,True
SE1,2023,price_ds,-8.5864,0.0,26,True,-3.4847,0.0005,True
SE1,2023,wind_log,-8.1149,0.0,37,True,-4.4093,0.0,True
SE1,2023,hydro_log_ds,-5.0906,0.0,0,True,-3.361,0.0008,True
SE1,2023,consump_log_ds,-7.9286,0.0,33,True,-3.6693,0.0003,True
SE1,2023,oil_log,-2.0369,0.2706,8,False,-1.668,0.0935,False
SE1,2023,gas_log,-2.4979,0.116,24,False,-0.1428,0.6423,False
SE1,2023,netexch_fi,-7.8998,0.0,34,True,-4.2445,0.0,True
SE1,2023,netexch_no4,-8.2626,0.0,30,True,-2.8217,0.0049,True
SE1,2023,netexch_se2,-8.1821,0.0,37,True,-6.9687,0.0,True
SE1,2024,price_ds,-9.7166,0.0,25,True,-9.3401,0.0,True
SE1,2024,wind_log,-8.6587,0.0,37,True,-3.3145,0.001,True
SE1,2024,hydro_log_ds,-4.6602,0.0001,0,True,-3.9454,0.0001,True
SE1,2024,consump_log_ds,-7.2399,0.0,26,True,-7.2107,0.0,True
SE1,2024,oil_log,-1.8261,0.3676,17,False,-1.5233,0.1242,False
SE1,2024,gas_log,-0.4317,0.9047,0,False,0.2193,0.7639,False
SE1,2024,netexch_fi,-8.0476,0.0,33,True,-5.0913,0.0,True
SE1,2024,netexch_no4,-7.1975,0.0,31,True,-3.1924,0.0015,True
SE1,2024,netexch_se2,-8.0483,0.0,32,True,-5.2391,0.0,True
SE1,2025,price_ds,-10.3631,0.0,26,True,-10.3351,0.0,True
SE1,2025,wind_log,-8.4549,0.0,37,True,-5.5372,0.0,True
SE1,2025,hydro_log_ds,-5.608,0.0,24,True,-3.5907,0.0004,True
SE1,2025,consump_log_ds,-7.1039,0.0,25,True,-6.8653,0.0,True
SE1,2025,oil_log,-2.0822,0.2517,37,False,-0.838,0.3624,False
SE1,2025,gas_log,-1.5019,0.5325,0,False,0.5924,0.8575,False
SE1,2025,netexch_fi,-7.9587,0.0,33,True,-7.9189,0.0,True
SE1,2025,netexch_no4,-7.5206,0.0,36,True,-4.9542,0.0,True
SE1,2025,netexch_se2,-8.771,0.0,33,True,-8.3707,0.0,True
SE2,2015,price_ds,-7.7615,0.0,32,True,-5.8499,0.0,True
SE2,2015,wind_log,-9.4215,0.0,30,True,-6.7277,0.0,True
SE2,2015,hydro_log_ds,-5.637,0.0,0,True,-3.9282,0.0001,True
SE2,2015,consump_log_ds,-9.7686,0.0,26,True,-3.0311,0.0025,True
SE2,2015,oil_log,-1.0008,0.753,3,False,-0.2068,0.6181,False
SE2,2015,gas_log,0.8876,0.9929,0,False,1.3868,0.9612,False
SE2,2015,netexch_no3,-8.2188,0.0,34,True,-4.7606,0.0,True
SE2,2015,netexch_no4,-8.7575,0.0,31,True,-4.0326,0.0001,True
SE2,2015,netexch_se1,-7.7844,0.0,33,True,-3.4081,0.0007,True
SE2,2015,netexch_se3,-9.0964,0.0,33,True,-2.3767,0.0176,True
SE2,2016,price_ds,-8.0666,0.0,27,True,-6.6091,0.0,True
SE2,2016,wind_log,-8.5573,0.0,31,True,-4.8717,0.0,True
SE2,2016,hydro_log_ds,-5.2943,0.0,24,True,-2.9492,0.0033,True
SE2,2016,consump_log_ds,-8.5214,0.0,31,True,-4.1406,0.0,True
SE2,2016,oil_log,-1.0469,0.7358,0,False,-0.1412,0.6429,False
SE2,2016,gas_log,-0.0248,0.9564,0,False,-0.2911,0.5852,False
SE2,2016,netexch_no3,-9.345,0.0,33,True,-6.1178,0.0,True
SE2,2016,netexch_no4,-9.2451,0.0,36,True,-7.0447,0.0,True
SE2,2016,netexch_se1,-10.4014,0.0,34,True,-5.7185,0.0,True
SE2,2016,netexch_se3,-8.9512,0.0,37,True,-6.9761,0.0,True
SE2,2017,price_ds,-10.6215,0.0,26,True,-5.8082,0.0,True
SE2,2017,wind_log,-10.2751,0.0,32,True,-6.3915,0.0,True
SE2,2017,hydro_log_ds,-5.2484,0.0,0,True,-4.0331,0.0001,True
SE2,2017,consump_log_ds,-8.2961,0.0,25,True,-1.9723,0.0483,True
SE2,2017,oil_log,-1.0234,0.7446,4,False,-1.062,0.2683,False
SE2,2017,gas_log,-0.728,0.8394,0,False,-0.7897,0.3842,False
SE2,2017,netexch_no3,-8.045,0.0,35,True,-2.4759,0.0134,True
SE2,2017,netexch_no4,-7.5679,0.0,30,True,-1.9629,0.0494,True
SE2,2017,netexch_se1,-9.0409,0.0,33,True,-4.2538,0.0,True
SE2,2017,netexch_se3,-10.2526,0.0,33,True,-2.4727,0.0136,True
SE2,2018,price_ds,-9.811,0.0,29,True,-4.7405,0.0,True
SE2,2018,wind_log,-9.3482,0.0,35,True,-7.9644,0.0,True
SE2,2018,hydro_log_ds,-5.8593,0.0,24,True,-4.474,0.0,True
SE2,2018,consump_log_ds,-7.1502,0.0,26,True,-6.9927,0.0,True
SE2,2018,oil_log,0.4699,0.9839,30,False,-0.1249,0.6489,False
SE2,2018,gas_log,-1.2022,0.6726,0,False,-0.4595,0.5169,False
SE2,2018,netexch_no3,-9.1105,0.0,33,True,-3.0802,0.0022,True
SE2,2018,netexch_no4,-10.1448,0.0,30,True,-2.7803,0.0056,True
SE2,2018,netexch_se1,-6.9311,0.0,33,True,-5.5138,0.0,True
SE2,2018,netexch_se3,-7.5138,0.0,33,True,-3.0932,0.0021,True
SE2,2019,price_ds,-10.4455,0.0,31,True,-10.3858,0.0,True
SE2,2019,wind_log,-8.0687,0.0,35,True,-4.4683,0.0,True
SE2,2019,hydro_log_ds,-6.4675,0.0,0,True,-4.5707,0.0,True
SE2,2019,consump_log_ds,-6.9762,0.0,25,True,-4.1606,0.0,True
SE2,2019,oil_log,-3.2711,0.0162,8,True,0.0228,0.7014,False
SE2,2019,gas_log,-2.0689,0.2572,0,False,0.0127,0.698,False
SE2,2019,netexch_no3,-9.7447,0.0,36,True,-3.0069,0.0028,True
SE2,2019,netexch_no4,-10.2477,0.0,36,True,-2.2618,0.0238,True
SE2,2019,netexch_se1,-9.0757,0.0,33,True,-3.2706,0.0012,True
SE2,2019,netexch_se3,-10.6657,0.0,36,True,-2.6553,0.0081,True
SE2,2020,price_ds,-8.0334,0.0,27,True,-6.3045,0.0,True
SE2,2020,wind_log,-8.2765,0.0,37,True,-4.8571,0.0,True
SE2,2020,hydro_log_ds,-5.7812,0.0,0,True,-5.5446,0.0,True
SE2,2020,consump_log_ds,-8.6483,0.0,30,True,-8.6308,0.0,True
SE2,2020,oil_log,-1.9773,0.2966,36,False,-0.8456,0.359,False
SE2,2020,gas_log,0.5474,0.9862,1,False,-0.1175,0.6517,False
SE2,2020,netexch_no3,-7.4567,0.0,35,True,-6.6497,0.0,True
SE2,2020,netexch_no4,-9.2666,0.0,37,True,-6.3639,0.0,True
SE2,2020,netexch_se1,-10.0521,0.0,31,True,-7.8982,0.0,True
SE2,2020,netexch_se3,-12.1197,0.0,31,True,-5.0867,0.0,True
SE2,2021,price_ds,-7.1594,0.0,24,True,-7.0013,0.0,True
SE2,2021,wind_log,-8.9402,0.0,32,True,-4.8274,0.0,True
SE2,2021,hydro_log_ds,-4.551,0.0002,0,True,-3.0728,0.0022,True
SE2,2021,consump_log_ds,-7.5593,0.0,35,True,-3.6287,0.0003,True
SE2,2021,oil_log,-2.4191,0.1364,28,False,0.422,0.8189,False
SE2,2021,gas_log,-0.4277,0.9054,0,False,0.8456,0.9028,False
SE2,2021,netexch_no3,-8.1992,0.0,35,True,-4.5353,0.0,True
SE2,2021,netexch_no4,-9.3473,0.0,27,True,-7.091,0.0,True
SE2,2021,netexch_se1,-7.4504,0.0,32,True,-6.8175,0.0,True
SE2,2021,netexch_se3,-8.571,0.0,30,True,-6.7045,0.0,True
SE2,2022,price_ds,-9.1277,0.0,33,True,-5.4328,0.0,True
SE2,2022,wind_log,-10.0306,0.0,27,True,-9.8594,0.0,True
SE2,2022,hydro_log_ds,-5.7215,0.0,0,True,-4.357,0.0,True
SE2,2022,consump_log_ds,-8.1901,0.0,24,True,-7.3669,0.0,True
SE2,2022,oil_log,-1.9691,0.3003,29,False,-0.9893,0.2973,False
SE2,2022,gas_log,-1.5521,0.5076,0,False,-1.219,0.2112,False
SE2,2022,netexch_no3,-10.3982,0.0,24,True,-7.9125,0.0,True
SE2,2022,netexch_no4,-10.8474,0.0,26,True,-9.2468,0.0,True
SE2,2022,netexch_se1,-7.3767,0.0,32,True,-4.97,0.0,True
SE2,2022,netexch_se3,-10.0671,0.0,26,True,-9.312,0.0,True
SE2,2023,price_ds,-8.6026,0.0,26,True,-3.4918,0.0005,True
SE2,2023,wind_log,-9.5888,0.0,26,True,-5.4665,0.0,True
SE2,2023,hydro_log_ds,-4.9562,0.0,0,True,-3.747,0.0002,True
SE2,2023,consump_log_ds,-7.2691,0.0,29,True,-6.9942,0.0,True
SE2,2023,oil_log,-2.0369,0.2706,8,False,-1.668,0.0935,False
SE2,2023,gas_log,-2.4979,0.116,24,False,-0.1428,0.6423,False
SE2,2023,netexch_no3,-8.2874,0.0,30,True,-3.9611,0.0001,True
SE2,2023,netexch_no4,-9.1232,0.0,25,True,-2.3168,0.0206,True
SE2,2023,netexch_se1,-8.1821,0.0,37,True,-6.9687,0.0,True
SE2,2023,netexch_se3,-8.408,0.0,30,True,-4.3052,0.0,True
SE2,2024,price_ds,-9.9137,0.0,27,True,-9.3193,0.0,True
SE2,2024,wind_log,-10.122,0.0,28,True,-7.6143,0.0,True
SE2,2024,hydro_log_ds,-5.4753,0.0,0,True,-4.4641,0.0,True
SE2,2024,consump_log_ds,-8.298,0.0,26,True,-5.7942,0.0,True
SE2,2024,oil_log,-1.8261,0.3676,17,False,-1.5233,0.1242,False
SE2,2024,gas_log,-0.4317,0.9047,0,False,0.2193,0.7639,False
SE2,2024,netexch_no3,-9.5584,0.0,29,True,-8.667,0.0,True
SE2,2024,netexch_no4,-8.6658,0.0,28,True,-8.6119,0.0,True
SE2,2024,netexch_se1,-8.0483,0.0,32,True,-5.2391,0.0,True
SE2,2024,netexch_se3,-7.4445,0.0,31,True,-2.3769,0.0176,True
SE2,2025,price_ds,-10.3299,0.0,27,True,-10.3085,0.0,True
SE2,2025,wind_log,-9.0599,0.0,32,True,-4.2995,0.0,True
SE2,2025,hydro_log_ds,-5.6335,0.0,0,True,-4.4781,0.0,True
SE2,2025,consump_log_ds,-7.4563,0.0,26,True,-2.6864,0.0074,True
SE2,2025,oil_log,-2.0822,0.2517,37,False,-0.838,0.3624,False
SE2,2025,gas_log,-1.5019,0.5325,0,False,0.5924,0.8575,False
SE2,2025,netexch_no3,-10.3958,0.0,34,True,-6.7833,0.0,True
SE2,2025,netexch_no4,-10.1468,0.0,36,True,-7.3996,0.0,True
SE2,2025,netexch_se1,-8.771,0.0,33,True,-8.3707,0.0,True
SE2,2025,netexch_se3,-8.311,0.0,32,True,-3.156,0.0017,True
SE3,2015,price_ds,-8.7422,0.0,32,True,-6.3977,0.0,True
SE3,2015,wind_log,-9.3639,0.0,27,True,-5.2965,0.0,True
SE3,2015,hydro_log_ds,-5.97,0.0,0,True,-3.3745,0.0008,True
SE3,2015,consump_log_ds,-8.8992,0.0,28,True,-3.3832,0.0008,True
SE3,2015,oil_log,-1.0008,0.753,3,False,-0.2068,0.6181,False
SE3,2015,gas_log,0.8876,0.9929,0,False,1.3868,0.9612,False
SE3,2015,netexch_dk1,-7.8707,0.0,24,True,-6.1584,0.0,True
SE3,2015,netexch_fi,-8.1289,0.0,27,True,-6.1253,0.0,True
SE3,2015,netexch_no1,-9.1339,0.0,34,True,-3.3263,0.001,True
SE3,2015,netexch_se2,-9.0964,0.0,33,True,-2.3767,0.0176,True
SE3,2015,netexch_se4,-10.4175,0.0,34,True,-2.6799,0.0075,True
SE3,2016,price_ds,-8.1774,0.0,27,True,-7.109,0.0,True
SE3,2016,wind_log,-8.2086,0.0,30,True,-7.7486,0.0,True
SE3,2016,hydro_log_ds,-5.2282,0.0,24,True,-1.717,0.0846,False
SE3,2016,consump_log_ds,-7.3338,0.0,26,True,-6.9069,0.0,True
SE3,2016,oil_log,-1.0469,0.7358,0,False,-0.1412,0.6429,False
SE3,2016,gas_log,-0.0248,0.9564,0,False,-0.2911,0.5852,False
SE3,2016,netexch_dk1,-8.7653,0.0,34,True,-7.556,0.0,True
SE3,2016,netexch_fi,-6.415,0.0,36,True,-5.7949,0.0,True
SE3,2016,netexch_no1,-7.0187,0.0,28,True,-6.6463,0.0,True
SE3,2016,netexch_se2,-8.9512,0.0,37,True,-6.9761,0.0,True
SE3,2016,netexch_se4,-8.9118,0.0,34,True,-8.557,0.0,True
SE3,2017,price_ds,-10.7142,0.0,26,True,-6.0809,0.0,True
SE3,2017,wind_log,-10.5366,0.0,30,True,-5.7516,0.0,True
SE3,2017,hydro_log_ds,-5.5896,0.0,0,True,-2.0208,0.0431,True
SE3,2017,consump_log_ds,-7.8143,0.0,35,True,-1.5139,0.1264,False
SE3,2017,oil_log,-1.0234,0.7446,4,False,-1.062,0.2683,False
SE3,2017,gas_log,-0.728,0.8394,0,False,-0.7897,0.3842,False
SE3,2017,netexch_dk1,-11.891,0.0,26,True,-11.4941,0.0,True
SE3,2017,netexch_fi,-9.2034,0.0,33,True,-5.0037,0.0,True
SE3,2017,netexch_no1,-8.1294,0.0,36,True,-5.0299,0.0,True
SE3,2017,netexch_se2,-10.2526,0.0,33,True,-2.4727,0.0136,True
SE3,2017,netexch_se4,-10.3077,0.0,33,True,-3.8746,0.0001,True
SE3,2018,price_ds,-9.756,0.0,29,True,-4.7122,0.0,True
SE3,2018,wind_log,-9.23,0.0,37,True,-6.4787,0.0,True
SE3,2018,hydro_log_ds,-5.2759,0.0,24,True,-4.2116,0.0,True
SE3,2018,consump_log_ds,-8.1093,0.0,24,True,-7.8096,0.0,True
SE3,2018,oil_log,0.4699,0.9839,30,False,-0.1249,0.6489,False
SE3,2018,gas_log,-1.2022,0.6726,0,False,-0.4595,0.5169,False
SE3,2018,netexch_dk1,-9.4953,0.0,34,True,-5.0796,0.0,True
SE3,2018,netexch_fi,-7.7761,0.0,35,True,-4.4214,0.0,True
SE3,2018,netexch_no1,-8.4384,0.0,36,True,-4.9024,0.0,True
SE3,2018,netexch_se2,-7.5138,0.0,33,True,-3.0932,0.0021,True
SE3,2018,netexch_se4,-9.5213,0.0,36,True,-3.5688,0.0004,True
SE3,2019,price_ds,-10.6079,0.0,31,True,-10.5965,0.0,True
SE3,2019,wind_log,-9.7983,0.0,35,True,-4.176,0.0,True
SE3,2019,hydro_log_ds,-6.1581,0.0,0,True,-4.2062,0.0,True
SE3,2019,consump_log_ds,-6.9544,0.0,34,True,-4.8701,0.0,True
SE3,2019,oil_log,-3.2711,0.0162,8,True,0.0228,0.7014,False
SE3,2019,gas_log,-2.0689,0.2572,0,False,0.0127,0.698,False
SE3,2019,netexch_dk1,-7.507,0.0,34,True,-7.48,0.0,True
SE3,2019,netexch_fi,-9.9526,0.0,25,True,-8.9447,0.0,True
SE3,2019,netexch_no1,-8.6323,0.0,26,True,-6.7194,0.0,True
SE3,2019,netexch_se2,-10.6657,0.0,36,True,-2.6553,0.0081,True
SE3,2019,netexch_se4,-11.3101,0.0,37,True,-3.5267,0.0005,True
SE3,2020,price_ds,-8.8988,0.0,26,True,-6.1778,0.0,True
SE3,2020,wind_log,-9.1541,0.0,37,True,-6.035,0.0,True
SE3,2020,hydro_log_ds,-5.7296,0.0,24,True,-3.6287,0.0003,True
SE3,2020,consump_log_ds,-8.7267,0.0,30,True,-8.5928,0.0,True
SE3,2020,oil_log,-1.9773,0.2966,36,False,-0.8456,0.359,False
SE3,2020,gas_log,0.5474,0.9862,1,False,-0.1175,0.6517,False
SE3,2020,netexch_dk1,-10.5208,0.0,36,True,-4.613,0.0,True
SE3,2020,netexch_fi,-8.2618,0.0,33,True,-3.1114,0.002,True
SE3,2020,netexch_no1,-7.9818,0.0,25,True,-2.9161,0.0037,True
SE3,2020,netexch_se2,-12.1197,0.0,31,True,-5.0867,0.0,True
SE3,2020,netexch_se4,-10.0736,0.0,34,True,-9.9977,0.0,True
SE3,2021,price_ds,-9.6413,0.0,36,True,-8.881,0.0,True
SE3,2021,wind_log,-10.3758,0.0,35,True,-5.9382,0.0,True
SE3,2021,hydro_log_ds,-4.8499,0.0,0,True,-3.0021,0.0028,True
SE3,2021,consump_log_ds,-6.0414,0.0,37,True,-2.5803,0.01,True
SE3,2021,oil_log,-2.4191,0.1364,28,False,0.422,0.8189,False
SE3,2021,gas_log,-0.4277,0.9054,0,False,0.8456,0.9028,False
SE3,2021,netexch_dk1,-6.3921,0.0,31,True,-3.4865,0.0005,True
SE3,2021,netexch_fi,-8.9419,0.0,33,True,-7.6341,0.0,True
SE3,2021,netexch_no1,-9.7091,0.0,28,True,-9.014,0.0,True
SE3,2021,netexch_se2,-8.571,0.0,30,True,-6.7045,0.0,True
SE3,2021,netexch_se4,-8.0959,0.0,26,True,-4.098,0.0001,True
SE3,2022,price_ds,-10.0537,0.0,34,True,-7.0859,0.0,True
SE3,2022,wind_log,-10.3002,0.0,27,True,-8.7261,0.0,True
SE3,2022,hydro_log_ds,-5.632,0.0,24,True,-2.0458,0.0406,True
SE3,2022,consump_log_ds,-6.7349,0.0,34,True,-6.3743,0.0,True
SE3,2022,oil_log,-1.9691,0.3003,29,False,-0.9893,0.2973,False
SE3,2022,gas_log,-1.5521,0.5076,0,False,-1.219,0.2112,False
SE3,2022,netexch_dk1,-8.8238,0.0,31,True,-8.786,0.0,True
SE3,2022,netexch_fi,-8.1469,0.0,33,True,-8.1196,0.0,True
SE3,2022,netexch_no1,-8.36,0.0,28,True,-7.6254,0.0,True
SE3,2022,netexch_se2,-10.0671,0.0,26,True,-9.312,0.0,True
SE3,2022,netexch_se4,-8.6284,0.0,30,True,-5.8069,0.0,True
SE3,2023,price_ds,-9.3528,0.0,24,True,-4.0013,0.0001,True
SE3,2023,wind_log,-9.4758,0.0,26,True,-9.2904,0.0,True
SE3,2023,hydro_log_ds,-5.0816,0.0,0,True,-4.6701,0.0,True
SE3,2023,consump_log_ds,-6.3162,0.0,34,True,-3.8908,0.0001,True
SE3,2023,oil_log,-2.0369,0.2706,8,False,-1.668,0.0935,False
SE3,2023,gas_log,-2.4979,0.116,24,False,-0.1428,0.6423,False
SE3,2023,netexch_dk1,-10.6743,0.0,27,True,-4.447,0.0,True
SE3,2023,netexch_fi,-10.9025,0.0,24,True,-6.4589,0.0,True
SE3,2023,netexch_no1,-9.3843,0.0,30,True,-4.2826,0.0,True
SE3,2023,netexch_se2,-8.408,0.0,30,True,-4.3052,0.0,True
SE3,2023,netexch_se4,-10.2438,0.0,31,True,-3.3624,0.0008,True
SE3,2024,price_ds,-9.8818,0.0,24,True,-9.8782,0.0,True
SE3,2024,wind_log,-9.6568,0.0,28,True,-5.5572,0.0,True
SE3,2024,hydro_log_ds,-5.5566,0.0,0,True,-2.6076,0.0093,True
SE3,2024,consump_log_ds,-7.4734,0.0,29,True,-7.4625,0.0,True
SE3,2024,oil_log,-1.8261,0.3676,17,False,-1.5233,0.1242,False
SE3,2024,gas_log,-0.4317,0.9047,0,False,0.2193,0.7639,False
SE3,2024,netexch_dk1,-9.9242,0.0,29,True,-4.1128,0.0001,True
SE3,2024,netexch_fi,-8.4595,0.0,33,True,-3.8895,0.0001,True
SE3,2024,netexch_no1,-10.6897,0.0,26,True,-4.0218,0.0001,True
SE3,2024,netexch_se2,-7.4445,0.0,31,True,-2.3769,0.0176,True
SE3,2024,netexch_se4,-11.5123,0.0,29,True,-1.7171,0.0846,False
SE3,2025,price_ds,-10.6257,0.0,27,True,-8.7351,0.0,True
SE3,2025,wind_log,-10.1885,0.0,26,True,-6.0614,0.0,True
SE3,2025,hydro_log_ds,-4.9492,0.0,0,True,-3.3246,0.001,True
SE3,2025,consump_log_ds,-6.737,0.0,34,True,-6.7334,0.0,True
SE3,2025,oil_log,-2.0822,0.2517,37,False,-0.838,0.3624,False
SE3,2025,gas_log,-1.5019,0.5325,0,False,0.5924,0.8575,False
SE3,2025,netexch_dk1,-9.1242,0.0,30,True,-8.7236,0.0,True
SE3,2025,netexch_fi,-11.345,0.0,25,True,-6.5879,0.0,True
SE3,2025,netexch_no1,-10.847,0.0,37,True,-4.582,0.0,True
SE3,2025,netexch_se2,-8.311,0.0,32,True,-3.156,0.0017,True
SE3,2025,netexch_se4,-7.6396,0.0,31,True,-2.1951,0.0282,True
SE4,2015,price_ds,-10.2056,0.0,29,True,-7.0712,0.0,True
SE4,2015,wind_log,-10.2173,0.0,28,True,-7.4062,0.0,True
SE4,2015,hydro_log_ds,-4.6757,0.0001,24,True,-3.3733,0.0008,True
SE4,2015,consump_log_ds,-8.5352,0.0,30,True,-8.5267,0.0,True
SE4,2015,oil_log,-1.0008,0.753,3,False,-0.2068,0.6181,False
SE4,2015,gas_log,0.8876,0.9929,0,False,1.3868,0.9612,False
SE4,2015,netexch_dk2,-8.7729,0.0,33,True,-2.9732,0.0031,True
SE4,2015,netexch_ger,-10.7186,0.0,26,True,-4.7833,0.0,True
SE4,2015,netexch_pl,-10.1277,0.0,29,True,-1.4368,0.1457,False
SE4,2015,netexch_se3,-10.4175,0.0,34,True,-2.6799,0.0075,True
SE4,2016,price_ds,-8.1279,0.0,25,True,-7.3003,0.0,True
SE4,2016,wind_log,-8.8303,0.0,28,True,-8.6219,0.0,True
SE4,2016,hydro_log_ds,-5.744,0.0,0,True,-5.7397,0.0,True
SE4,2016,consump_log_ds,-7.9941,0.0,26,True,-7.9705,0.0,True
SE4,2016,oil_log,-1.0469,0.7358,0,False,-0.1412,0.6429,False
SE4,2016,gas_log,-0.0248,0.9564,0,False,-0.2911,0.5852,False
SE4,2016,netexch_dk2,-10.4953,0.0,37,True,-7.4733,0.0,True
SE4,2016,netexch_ger,-8.9455,0.0,34,True,-7.6037,0.0,True
SE4,2016,netexch_pl,-6.2268,0.0,36,True,-3.1889,0.0015,True
SE4,2016,netexch_se3,-8.9118,0.0,34,True,-8.557,0.0,True
SE4,2017,price_ds,-10.9919,0.0,25,True,-6.5305,0.0,True
SE4,2017,wind_log,-11.0844,0.0,26,True,-5.263,0.0,True
SE4,2017,hydro_log_ds,-5.6714,0.0,0,True,-3.3527,0.0009,True
SE4,2017,consump_log_ds,-8.5763,0.0,37,True,-1.8652,0.0615,False
SE4,2017,oil_log,-1.0234,0.7446,4,False,-1.062,0.2683,False
SE4,2017,gas_log,-0.728,0.8394,0,False,-0.7897,0.3842,False
SE4,2017,netexch_dk2,-10.5521,0.0,31,True,-6.0324,0.0,True
SE4,2017,netexch_ger,-8.5413,0.0,36,True,-5.0274,0.0,True
SE4,2017,netexch_pl,-11.0424,0.0,31,True,-4.5282,0.0,True
SE4,2017,netexch_se3,-10.3077,0.0,33,True,-3.8746,0.0001,True
SE4,2018,price_ds,-10.2663,0.0,29,True,-5.0648,0.0,True
SE4,2018,wind_log,-9.1449,0.0,37,True,-7.5944,0.0,True
SE4,2018,hydro_log_ds,-5.868,0.0,0,True,-4.5856,0.0,True
SE4,2018,consump_log_ds,-7.824,0.0,25,True,-7.5049,0.0,True
SE4,2018,oil_log,0.4699,0.9839,30,False,-0.1249,0.6489,False
SE4,2018,gas_log,-1.2022,0.6726,0,False,-0.4595,0.5169,False
SE4,2018,netexch_dk2,-8.5683,0.0,35,True,-3.8119,0.0002,True
SE4,2018,netexch_ger,-8.8133,0.0,34,True,-6.5914,0.0,True
SE4,2018,netexch_pl,-9.876,0.0,30,True,-5.1533,0.0,True
SE4,2018,netexch_se3,-9.5213,0.0,36,True,-3.5688,0.0004,True
SE4,2019,price_ds,-10.7515,0.0,32,True,-10.6599,0.0,True
SE4,2019,wind_log,-10.0766,0.0,31,True,-4.2553,0.0,True
SE4,2019,hydro_log_ds,-5.6883,0.0,0,True,-4.8634,0.0,True
SE4,2019,consump_log_ds,-8.6099,0.0,24,True,-5.9491,0.0,True
SE4,2019,oil_log,-3.2711,0.0162,8,True,0.0228,0.7014,False
SE4,2019,gas_log,-2.0689,0.2572,0,False,0.0127,0.698,False
SE4,2019,netexch_dk2,-8.8589,0.0,27,True,-7.8227,0.0,True
SE4,2019,netexch_ger,-9.6721,0.0,33,True,-9.0892,0.0,True
SE4,2019,netexch_pl,-8.816,0.0,28,True,-3.0735,0.0022,True
SE4,2019,netexch_se3,-11.3101,0.0,37,True,-3.5267,0.0005,True
SE4,2020,price_ds,-10.1418,0.0,26,True,-6.1053,0.0,True
SE4,2020,wind_log,-9.9081,0.0,26,True,-9.0093,0.0,True
SE4,2020,hydro_log_ds,-5.1123,0.0,24,True,-4.5673,0.0,True
SE4,2020,consump_log_ds,-8.739,0.0,30,True,-7.6085,0.0,True
SE4,2020,oil_log,-1.9773,0.2966,36,False,-0.8456,0.359,False
SE4,2020,gas_log,0.5474,0.9862,1,False,-0.1175,0.6517,False
SE4,2020,netexch_dk2,-9.9197,0.0,34,True,-4.6983,0.0,True
SE4,2020,netexch_ger,-9.1959,0.0,28,True,-4.8097,0.0,True
SE4,2020,netexch_pl,-8.8252,0.0,28,True,-3.2567,0.0012,True
SE4,2020,netexch_se3,-10.0736,0.0,34,True,-9.9977,0.0,True
SE4,2021,price_ds,-10.8772,0.0,34,True,-9.8057,0.0,True
SE4,2021,wind_log,-11.1183,0.0,37,True,-9.3152,0.0,True
SE4,2021,hydro_log_ds,-4.9775,0.0,0,True,-2.1685,0.0301,True
SE4,2021,consump_log_ds,-7.2378,0.0,27,True,-3.8263,0.0002,True
SE4,2021,oil_log,-2.4191,0.1364,28,False,0.422,0.8189,False
SE4,2021,gas_log,-0.4277,0.9054,0,False,0.8456,0.9028,False
SE4,2021,netexch_dk2,-9.3166,0.0,27,True,-5.2789,0.0,True
SE4,2021,netexch_ger,-7.2163,0.0,29,True,-3.5457,0.0004,True
SE4,2021,netexch_pl,-9.9297,0.0,37,True,-6.6599,0.0,True
SE4,2021,netexch_se3,-8.0959,0.0,26,True,-4.098,0.0001,True
SE4,2022,price_ds,-9.3915,0.0,35,True,-6.8936,0.0,True
SE4,2022,wind_log,-10.2219,0.0,26,True,-7.2955,0.0,True
SE4,2022,hydro_log_ds,-4.5774,0.0001,0,True,-3.7644,0.0002,True
SE4,2022,consump_log_ds,-6.6301,0.0,33,True,-3.322,0.001,True
SE4,2022,oil_log,-1.9691,0.3003,29,False,-0.9893,0.2973,False
SE4,2022,gas_log,-1.5521,0.5076,0,False,-1.219,0.2112,False
SE4,2022,netexch_dk2,-8.4875,0.0,34,True,-5.7799,0.0,True
SE4,2022,netexch_ger,-10.4941,0.0,25,True,-10.1959,0.0,True
SE4,2022,netexch_pl,-6.8819,0.0,34,True,-6.5738,0.0,True
SE4,2022,netexch_se3,-8.6284,0.0,30,True,-5.8069,0.0,True
SE4,2023,price_ds,-9.7296,0.0,27,True,-3.8601,0.0001,True
SE4,2023,wind_log,-10.3692,0.0,26,True,-10.3492,0.0,True
SE4,2023,hydro_log_ds,-8.7355,0.0,0,True,0.08,0.7205,False
SE4,2023,consump_log_ds,-6.2076,0.0,37,True,-2.5733,0.0102,True
SE4,2023,oil_log,-2.0369,0.2706,8,False,-1.668,0.0935,False
SE4,2023,gas_log,-2.4979,0.116,24,False,-0.1428,0.6423,False
SE4,2023,netexch_dk2,-10.3475,0.0,28,True,-3.5896,0.0004,True
SE4,2023,netexch_ger,-9.2123,0.0,30,True,-2.7113,0.0068,True
SE4,2023,netexch_pl,-9.0012,0.0,30,True,-4.0853,0.0001,True
SE4,2023,netexch_se3,-10.2438,0.0,31,True,-3.3624,0.0008,True
SE4,2024,price_ds,-9.3603,0.0,36,True,-9.3584,0.0,True
SE4,2024,wind_log,-10.5371,0.0,28,True,-5.5456,0.0,True
SE4,2024,hydro_log_ds,-5.5061,0.0,0,True,-2.9159,0.0037,True
SE4,2024,consump_log_ds,-8.4195,0.0,33,True,-5.915,0.0,True
SE4,2024,oil_log,-1.8261,0.3676,17,False,-1.5233,0.1242,False
SE4,2024,gas_log,-0.4317,0.9047,0,False,0.2193,0.7639,False
SE4,2024,netexch_dk2,-9.8185,0.0,36,True,-1.4889,0.1325,False
SE4,2024,netexch_ger,-10.2125,0.0,29,True,-2.5234,0.0118,True
SE4,2024,netexch_pl,-8.7133,0.0,28,True,-2.1661,0.0303,True
SE4,2024,netexch_se3,-11.5123,0.0,29,True,-1.7171,0.0846,False
SE4,2025,price_ds,-11.0559,0.0,27,True,-7.5394,0.0,True
SE4,2025,wind_log,-10.2681,0.0,26,True,-4.7833,0.0,True
SE4,2025,hydro_log_ds,-5.4676,0.0,0,True,-1.6744,0.0923,False
SE4,2025,consump_log_ds,-7.088,0.0,35,True,-3.149,0.0017,True
SE4,2025,oil_log,-2.0822,0.2517,37,False,-0.838,0.3624,False
SE4,2025,gas_log,-1.5019,0.5325,0,False,0.5924,0.8575,False
SE4,2025,netexch_dk2,-8.7235,0.0,28,True,-1.6142,0.1042,False
SE4,2025,netexch_ger,-10.0892,0.0,32,True,-2.489,0.013,True
SE4,2025,netexch_pl,-10.0284,0.0,28,True,-5.6706,0.0,True
SE4,2025,netexch_se3,-7.6396,0.0,31,True,-2.1951,0.0282,True
